-- --------------------------------------------------------
-- Host:                         localhost
-- Versión del servidor:         5.7.24 - MySQL Community Server (GPL)
-- SO del servidor:              Win64
-- HeidiSQL Versión:             10.2.0.5599
-- --------------------------------------------------------

/*!40101 SET @OLD_CHARACTER_SET_CLIENT=@@CHARACTER_SET_CLIENT */;
/*!40101 SET NAMES utf8 */;
/*!50503 SET NAMES utf8mb4 */;
/*!40014 SET @OLD_FOREIGN_KEY_CHECKS=@@FOREIGN_KEY_CHECKS, FOREIGN_KEY_CHECKS=0 */;
/*!40101 SET @OLD_SQL_MODE=@@SQL_MODE, SQL_MODE='NO_AUTO_VALUE_ON_ZERO' */;

-- Volcando estructura para tabla ventas_online.categorias
CREATE TABLE IF NOT EXISTS `categorias` (
  `id` int(20) NOT NULL,
  `nombre` varchar(100) NOT NULL DEFAULT '0',
  PRIMARY KEY (`id`)
) ENGINE=InnoDB DEFAULT CHARSET=utf8;

-- Volcando datos para la tabla ventas_online.categorias: ~9 rows (aproximadamente)
/*!40000 ALTER TABLE `categorias` DISABLE KEYS */;
INSERT INTO `categorias` (`id`, `nombre`) VALUES
	(1, 'Leche'),
	(2, 'Arroz'),
	(3, 'Maizena'),
	(4, 'Café soluble'),
	(5, 'Frijol'),
	(6, 'Sopa'),
	(7, 'Huevos'),
	(8, 'Consomate'),
	(9, 'Harina de trigo');
/*!40000 ALTER TABLE `categorias` ENABLE KEYS */;

-- Volcando estructura para tabla ventas_online.productos
CREATE TABLE IF NOT EXISTS `productos` (
  `id` int(20) NOT NULL AUTO_INCREMENT,
  `nombre` varchar(50) DEFAULT NULL,
  `descripcion` varchar(50) DEFAULT NULL,
  `precio` varchar(50) DEFAULT NULL,
  `id_categoria_producto` int(20) DEFAULT NULL,
  `imagen_producto` longblob,
  `id_usuarios` int(11) DEFAULT NULL,
  `estado` varchar(50) DEFAULT NULL,
  PRIMARY KEY (`id`),
  KEY `FK_productos_categorias` (`id_categoria_producto`),
  KEY `FK_productos_usuarios` (`id_usuarios`),
  CONSTRAINT `FK_productos_categorias` FOREIGN KEY (`id_categoria_producto`) REFERENCES `categorias` (`id`),
  CONSTRAINT `FK_productos_usuarios` FOREIGN KEY (`id_usuarios`) REFERENCES `usuarios` (`id`)
) ENGINE=InnoDB AUTO_INCREMENT=341 DEFAULT CHARSET=utf8;

-- Volcando datos para la tabla ventas_online.productos: ~13 rows (aproximadamente)
/*!40000 ALTER TABLE `productos` DISABLE KEYS */;
INSERT INTO `productos` (`id`, `nombre`, `descripcion`, `precio`, `id_categoria_producto`, `imagen_producto`, `id_usuarios`, `estado`) VALUES
	(1, 'Leche', '1 galón', '6417', 4, _binary 0x31, 1, 'activo'),
	(2, 'Arroz', '1 kilo', '14901', 8, _binary 0x31, 2, 'activo'),
	(3, 'Maizena', '7 sobres', '26576', 4, _binary 0x31, 3, 'activo'),
	(4, 'Café soluble', '200 grms.', '33992', 4, _binary 0x31, 4, 'activo'),
	(5, 'Frijol', '2 kilos', '27819', 5, _binary 0x31, 5, 'activo'),
	(6, 'Sopa', '7 sobres', '12493', 7, _binary 0x31, 6, 'activo'),
	(7, 'Huevos', '2 docenas', '5755', 7, _binary 0x31, 7, 'activo'),
	(8, 'Consomate', '8 cubos', '32848', 7, _binary 0x31, 8, 'activo'),
	(9, 'Harina de trigo', '4 kilos', '28771', 3, _binary 0x31, 9, 'activo'),
	(10, 'Azúcar', '2 kilos', '13127', 6, _binary 0x31, 10, 'activo'),
	(11, 'Aceite', '3 litros', '6362', 5, _binary 0x31, 11, 'activo'),
	(12, 'Manteca vegetal', '1 kilo', '7954', 1, _binary 0x31, 12, 'activo'),
	(13, 'Papa blanca', '1 kilo', '29741', 6, _binary 0x31, 13, 'activo'),
	(14, 'Jitomate', '3 kilos', '37688', 8, _binary 0x31, 14, 'activo'),
	(15, 'Pierna y muslo de pollo', '2 kilos', '9275', 7, _binary 0x31, 15, 'activo'),
	(16, 'Royal', '125 grms.', '5803', 2, _binary 0x31, 16, 'activo'),
	(17, 'Chiles', '1 lata', '21339', 7, _binary 0x31, 17, 'activo'),
	(18, 'Chile verde', '1 kilo', '42393', 2, _binary 0x31, 18, 'activo'),
	(19, 'Cebollas', '1 kilo', '7308', 3, _binary 0x31, 19, 'activo'),
	(20, 'Detergente', '1 kilo', '15793', 3, _binary 0x31, 20, 'activo'),
	(21, 'Jabón de baño', '1 pieza', '39874', 1, _binary 0x31, 21, 'activo'),
	(22, 'Papel de baño', '1 pieza', '34611', 5, _binary 0x31, 22, 'activo'),
	(23, 'Cloro', '1 litro', '21183', 1, _binary 0x31, 23, 'activo'),
	(24, 'Pan de caja', '1 pieza', '14262', 2, _binary 0x31, 24, 'activo'),
	(25, 'Sal', '20 grms.', '26885', 5, _binary 0x31, 25, 'activo'),
	(26, 'Shampoo', '1/2 litro', '10137', 4, _binary 0x31, 26, 'activo'),
	(27, 'Soda', '4 botellas 2 ltrs.', '41326', 6, _binary 0x31, 27, 'activo'),
	(28, 'Naranjas', '2 kilos', '20097', 2, _binary 0x31, 28, 'activo'),
	(29, 'Plátanos', '2 kilos', '35309', 8, _binary 0x31, 29, 'activo'),
	(30, 'Limones', '1/2 kilo', '43004', 4, _binary 0x31, 30, 'activo'),
	(31, 'Tortillas de maíz', '14 kilos', '36578', 4, _binary 0x31, 31, 'activo'),
	(32, 'Pinol', '1/2 litro', '22870', 8, _binary 0x31, 32, 'activo'),
	(33, 'Jamón', '1 kilo', '32482', 8, _binary 0x31, 33, 'activo'),
	(34, 'Carne molida', '1 kilo', '9865', 6, _binary 0x31, 34, 'activo'),
	(35, 'Carne de carnero', '1 kilo', '13479', 1, _binary 0x31, 35, 'activo'),
	(36, 'Filete mojarra', '1 kilo', '41902', 5, _binary 0x31, 36, 'activo'),
	(37, 'Cereal', '1/2 kilo', '48067', 2, _binary 0x31, 37, 'activo'),
	(38, 'Manzanas', '1 kilo', '33863', 3, _binary 0x31, 38, 'activo'),
	(39, 'Lechuga', '2 piezas', '31831', 7, _binary 0x31, 39, 'activo'),
	(40, 'Aguacate', '1 kilo', '31604', 3, _binary 0x31, 40, 'activo'),
	(41, 'Zanahorias', '1 kilo', '41752', 4, _binary 0x31, 41, 'activo'),
	(42, 'Queso blanco', '1/2 kilo', '48282', 1, _binary 0x31, 42, 'activo'),
	(43, 'Galletas Marías', '1 paquete', '8354', 1, _binary 0x31, 43, 'activo'),
	(44, 'Leche', '1 galón', '19214', 1, _binary 0x31, 44, 'activo'),
	(45, 'Papa', '1 kilo', '39744', 1, _binary 0x31, 45, 'activo'),
	(46, 'Huevos', '1 docena', '13960', 3, _binary 0x31, 46, 'activo'),
	(47, 'Jabón líquido p/trastes', '1', '32886', 7, _binary 0x31, 47, 'activo'),
	(340, 'Camilo', 'Reprehenderit in asp', '10000', 4, _binary 0xFFD8FFE000104A46494600010100000100010000FFFE003B43524541544F523A2067642D6A7065672076312E3020287573696E6720494A47204A50454720763632292C207175616C697479203D2038320AFFDB0043000604040504040605050506060607090E0909080809120D0D0A0E1512161615121414171A211C17181F1914141D271D1F2223252525161C292C28242B21242524FFDB00430106060609080911090911241814182424242424242424242424242424242424242424242424242424242424242424242424242424242424242424242424242424FFC000110801D302BC03012200021101031101FFC4001C0000020301010101000000000000000000020300010405060708FFC4003910000104010303030303030401040203000100020311210412310541510613612271811432910742A12352B1D11533C1E1F016244372F1FFC4001A010003010101010000000000000000000000010203040506FFC40026110101000202020202020301010000000000010211032112310441135105221461713242FFDA000C03010002110311003F00FBFAA59DDAE89BFDC0FE503BA943C6E16BC27B8D6A2E6BBAD44DEE3F94893AF44DFEF083D3B179544D95E79FEA4841FF00D40B24DEAC85B7FEA02827AB2E039287DD673B82F1527AC6219320FE56197D711027FD56A5B548FA09D4C63BA5BB5D10EEBE6B37AEE2BC4B95826F5FB01C3F211E50F55F55775188770125FD5E11DC2F904FFD40B248792B0CDEBC793F4B89FB14BCA2A6195F51F677F5C8402770497FA8A118DC02F89C9EB6D43F826D25DEABD649C38FE54DE5C5538737DB1DEA68872F0B3C9EA9887F78FE57C6BFF3FAD78C17221D435CF1FB9DFC29FCF8FED7FE366FACC9EAC89A090F1FCAC92FAC19DA41FCAF9903AF96C7D442B6E935B21B21C3F2A6FC990E7C4AF7F37AC80FEFFF002B1CBEB4691624B5E4074AD53E85BBEE9ACE833BB2E2694DF932AE7C5FDD7764F5939C7F7159DFEAD7BB83FE56167A75E5C2ED688BD3640CDFDD6579EEFA5FF8B8AFFF00C96591D566D6ED3F5991E05DFDAD259E9EDA7F6DF95AE1E941838A59DE6AA9F1F18E868FA939DDD75F4FAE208CAE2C3A60C02852D2C639BC64FCA8BCB763F04765DD408EF8A41FF9077958434953DBBE6C23F2554E291ADFAF71EE94ED538FCA508CF0884671DBCA5796C57E288FD49A4B74CE714C30E7E10FB43C2CFF002554E380F71DE55191C8CC54AB601E54659DAAF08597139273F286CF94D2D55B0051E4B98C24824DDAA2D3E4A79661506611E67268811904AB1103C8CF94E0DFCAB0D53735699CC2395462165692D53603C853E434CA61042AF648ECB736307C2210FC22E63C58869EC5D2AF63E174443DA910D31ABA4BCA8EA7B734404F657FA73E1751BA3247099168B71A213968DC71BF4FF0AC6988FED2BB674201A00ABFD11F16AB5923CA38860AECABDA3754BB0ED09078C203A325D74AE6C79472BF4E54F6BE1748E908BCA0306DE516D0C4D8B098223E168F6C5ABD8A3C94CDB14318AE168D8A8B15CCB65594C42EEB855EDE7B15A4C6557B7F09CA4CFED02385420CAD62246D87EC8A4C4D83E3FC221A704E070B70887850444A26C308D373F4A21A3B3FB49FC2E83213CD5AD11C195A49696DCA1A271FED77F089BA275FFE99FE1775908EE99EC37C15538D1738E00D1381FD8EFE117E91DFED77F0BBBFA76FCA9FA66FCA7E05E71C56E98DF042D31C4E0BA3FA66783FCA26E9D83B1FE5398DFA1729488439B41696934AC460700A30C1DED5CDB3B94416AD5860F9561A1345A15116D0AF6272E8B6156090AF62BDBF096C5A80D72AF72AA2AC0F213DA57C8514C28917B1A882FE54B488615A0DCAF70F29F45A7CC25F5EB470F3F7B5867F5E9C80F2BCFB3D2B338FD45D65688BD22E23EBBBECB6BF29ACF898FDD689BD7729E09CFCAC13FAD354E382ECF6057463F4732AC836B447E918C11F47F8517E555CF8B83CCC9EA9D7BEF6EF0125DD5BA94BFEF0BDAC5E958DB5F40F9C2D4CF4DC63860FE14DF9195AD3F071C7CFBDCEA330E5FF000AC68BA94A6C977F2BE90DF4F46DE183F85A19D0E36FF6D7E145E6CB6A9C7847CC5BD135B29C9767B27B7D2FA878C975AFA733A44608A6FF0084D1D318386FF853E792BC718F9947E9193B972D717A3C1AFA495F451A1601FB7FC22FD2347012F2CA8F4F0717A418DFEDB1F3DD6D8BD2B1D6182BECBD8B74C07608C402E91DD3DBCB45E99887F6007ECB547D06369FD82BECBD1085A11884527B2DB84DE8F1309A68FE1399D2A3032D1F80BAFED7C2BD896D3FEDCA6F4E637860A46342D03F6AE97B614F6DBE11E46E78D133FDA8DBA568C018F2B708C72ACC612B968F4C6ED2B6AF6A0769850C05BC803052DC2BB28B76A9188C15803089B1D78FE5682D054005F6FE14EFB3D16D677A4DD808384600E7BABFA53D8F12C474A7B699852B1695A5AD17B1431F84C0316A5614D384160EE96E684E79A2924A9B5522B6850B4156A51F0A36A01E690B8653FDA76DBDA4A63348E7F646A96E46302916C34B4B746EDC47756202E6ED00DA9F1A72C64683794549ECD3BB71C1C231A571ED48D556E111D62D3DAD06BE51C5A5208B1613D9A720E53C71BF6CEE7151C00F65A23800ED6898D6B5B5E118750E46174E18C8E7CB2B562101108DAD3859A4D56D7FC2176B309E59E304C32AD6400EC856E7341585DA92E37651194978CE167F985E1BF6D74D72A745C504703776569F6AFC2D71BB8C32CB55CF769C1EC91368C105755D10C52030584EC18F2D8E29D1B8668A43DA597629778B40C116932E99928AA00ACF2E2DFA7463CBDF6E252BA5BA6D016034410B2B9A41A238585C6CF6E8C6CCBD036A211AB00F84744220B1047F013190826A946B709F1B56B8B2CBA08D303D91B74CCFF684E66131832B7919DCE96CD332BF6A6081A3801342B1C2D248CAE74218D1D8220D16AD402D5748B57B5AA6C0A6D5682DABDB50311283940DAB6955B0A62882D82885689446CF7B081E515FCAA772852B40D4BF9555614DBF296D317610DD2BDBF285DC2952F7A9B902A253FF0083466E52CA58757645BFE12D8F115945F94BDC14DC82D3CC8E9ADFF6844DE9ED1D9753DB68ECA6C6F80B395D95CF1A268EC0221A26F700ADC583C2AAF84CF6C7FA60DEC118D3B40BA195A08B5558C0402442DF1FE15FB4D4E17DD516F846FB04FB5442A2DC9A4D38545B69EC6882290D56538C7E54F6F08F2D0F64D7C2B09BB3F0AC4696F67252C0A57C6516DA194B714F67A5FB942D0991014053D24FF702AF7126E95592E468F67FB84035CAB12774A6B6CE53991DFD94FAF6A4DD7921038E13BDBAE10BA3C28A233928777C23783C2A6C7DD4E94B69298D07BAB6461343105696D6845B45266D0A6D424ADAA8F0535C10161760046B67D4ED9A4294B7B344E94D107EEAC74E7774AF1DA3F248C4C89CE20D60AE847A0DC012168874CD8C0DC0616A0F63063002D78F8B1937930E4E5B7FF2547A20D684E6E95A334150D4B49F846DD4B4E02DE5C3D30CBCFD96ED3B5B9DB941FA66E4E131F35DD257BD9A4B2F154F257B0D0A9D1B40F94124C1B692750482B1CB3C76DB1C72A682C60E1495EC6B41BA5825D492E0014266DECB58DE59EA369C3F75A7DF1784B74C41E521B7CDD2173B24F65373D34FC63924DEE084104F292E79664A53B51B28DD022D67F7B5CC5B5CE2E3F4F09F190D2DDC72B9F0EA4B893775C5A63B522BE4E020ACDBAE3501A451C7729F16BA379201B5E7269A53F48B03C83C218750E6C95BC5FC2A9C994657E3635EBE3787026D47F1617023EAB1C0DB7B89B1CF85B21EAAC958323EE16BF966BB72E5F1B29E9ADD76494B92403859A4D68CE6CA57BFBF9C15179A4F4D31E1BF6DE1E241C612A4D107E4729514E230059395B239B705A619CCBAA9CA5C3B8E6490963A870A855E42DFAA00B7002E692438D1C29E4C74DF0CAE53B3D9549CD77C2CEC7D0F29CCE13C1399CDC8C27308A498CF09ADE16F8D614D089BC2008DA70B48CEAE8157B14EEAEFE53428369590A58F2A5FCA5696EAEBE1552AB3E54DDF29ECF425106F57B8A568D0909E54DC55128084A9B82127CAA0545C9521A0E14B095BF34AF77C28B96BB1E0613681C452173D039C97E4398D19210EE4B2F53727E6AF1A2B36AC12837A9BBE54DCE18C9B52D0072BB4BC869981CAB3C20DC14DC168DC5655136A070AFF00E556E40ED686F34A6E14AB9CA02C9A5377C2A009561A4A02958168834ABDA52A5280B415001749A19484B7E42956CA205A9C2273857D929EF0329789A9EE09760854E3BB843B56922AD5143B41445B698D8FE394F692C464F1C236C3CDA7322A4DDA0053E465B621548800D5681D252568916E70096F7F842E7DE4155CF2816288B46C6D8CAA6809807052A37D083402894DA55814A2C4ED4A72A527318285A78E368B7416C45CB43220C1C2103236A7B185C385ACC58679D05571850829E213CA5C8E118E52CED919CBBA412784899E40395269803B8382C3A8D4D37242E4BCD5D9C7C56D13F525B869CA28F50E26ED729FA81265A6FF0029B16A006D109639DF6E9CB8E7A7606A01245E6B84A74E4158DF2D96B81A35C2176A01AFF2AEF2DA8C785A259F3CA5FB86AEF0521CEB24EEBC58441C1CD04D8B1CACB2B6B4F190A9241EF169B05303A99F0B2EA5E1920B206534BCE0D14B6D35D4696138AEDCA2710D711584885FBB147944F7137E5177A2F12A4735CFA3FC7959A704303401F3F0B41FFD41B79ABFB2CD21F7256B3BBBC226575A1E25FBCD8A2B7500700F9595DAE79907200C029FAD81D248C8E36DB1A324F0B9FA863E476D6034304F94C493D9E35EE3200D763FB9C72B41EA11460340DCE385C990B34C00713BCF64B6C85D26F02DE4E093584C5C7EDDE638CBF496E2F3BB92B731CC899586919A0BCF3BAA0D28A6B893CE38588751D46AA504BCB99FED6945913AAF512F506820036991F5000000D95C4874E7DBDCFA8CDD804D94ED397C7608BBE081C2C6E36569FD6C7762D67B9C5AE868E7DE28D8FBAE36943800495D0D238F7E55616CAC79B09A74668DCFABE02C1382C7F14174D94F655E5669F4E0924904AEBCB794727165ABDB23095A1856638298C7A8C72D34CA74DAC70349CCC9596375A7B0D2D7C98658FD9E1C881B4A07B236F0B4C6F4C6C35581652ED102156D360F6A9B55070E151725E44884F2ACB8040E78CA7E52454944AAD06F087725E47AA607670AC9295BBC29B8A5E67A1B9C29087DA17BB0803A94DCD5313AF36A6E4BDCA6E2B3B68D184DA02682ADC5513690D28AAB56A92DD5AC1515299448040D29B821FBA8A8B4CAA5AB54B79DB5B52FCA9B80426AD40D07BAAB2421136A379441A309AD8C55A901A3411819E1106DF2A0E54F69B54476EEAA911C951041B3E5224791C2790965B7842A3339E784072B4FB59E15FB413DC5ED9361F9561849EEB60881562303B25BD9793332224F09CC8E8270601954480103CB7D076D655388AE50BDF490E79BEE8D14863DD4525E6F8544B8AA0D2AA469102219536129B1C748D9553584A731889ACAA4C0294D45AAAA40530F0836A5216C3402B6BB2865FA7BA3859BB36B48595E9A606971C26C9336002F9425CDD3B2C1CAE36BFA87B80D72D4B93926119E1C7F92B76A3ABB58D2038835CF85C5D4F59249024BF95CDD66A1E5C5DBB3F0B85AAEA7ED3E9EEDCE07002E2B9679DEDE871F1638FA7A37757FA0801C6B92B9B27546CB609703D96083A8CAF6B9A5B41C7BA7B7460BC3F70A1E12BC6D665A6BD33DADB3BFE93C15ADD39AAC63B8EEB1380664B81FC610B642E3F48A3F1DD29D754FDF6E989F731A6FBD26169AAC6EF0B0B1E4D534FC85B01058D048246091D944BD81476C21C4F18CA7DB413FED49DBEE36EEC8C1B4F6805A08AE3957EE132EA007BC120D04E630D0B76395248EE9E07DC2A13035B40C224FD9EEFD18C22392BCF1F29908F73738E2B08053A314013D94648D11C94700F74CBD89EDB0E78C03CE12638A9D62AC0A088CC1C4B6FE9E3F296FD43632037B726D4EE093E92670B2056D0327CAC4F682C39A255CF317106F06F03C2C8E9CC64EE02F9009E12CB2D2FC599FA5FA8B9CEC1E5D5FF0B1EAA710825A06E70A6DE16E73A498826C8E5679747F5924D8EEF3C7D825E7F6AD39B0E9E499C1D3EF78BE01A5D08C4508D8DDA1C7BF8489DB29B113835ADC171C291698D07B1AE79FF7765A6C78CB1D2D3B1AEC3A52F77724E02EB412E9E38E9EFF008A0170991CD5B9F6D6F9E174608D8D00BB047CDA5E5B63963FA74FDF638536C04E83519000B0B9EDB7125A1D9E30B6E99A4386002A72FF0049AEE690B88573B5C012E3C29A5B005AD3246E7B0EDE576613A70659499386F70DE48BAF946C3DFB266A74D246E25CDE7C2433E92B9F39AAEB9659D36C678CAD119B0B131C9EC7D258E6CB38D6D2115F82B387F8460FCAE8C736171381A50BE82587284FCA2E68D181EA1912AD4DC96F63C0C2E405C32AAD513651BAAD5097E54DE5510A92F2AA30395EE400AB4790113840E56A11694BB01B2140E2A280046C0AED45402B09CCA7A0BEC84DF644A8A7684559B56A053E412D4574A5258DD7B0C887378169C189AC8415D5E4ADC9ED8F63BC236B1D8C2D8D873D9304407608B53738CCD61EE8C3693F629B11B2F324023B2947C276C545B48F699915455514EDA0A9B404B50FC88D854D853F0A7F09E8FCC8D854F6FE13F0A9DF0A6FFA1E44EDF956052322D0948F7B5207351D2A2D29E8424B0142621E13F62BF6D38BF220420F657ED04EDAAB61536D1B036303B236B4784406385291B4ED31D945295A64A50E15E12E57ED6A726CADD32EA25FABEC96CD6888E5E0049D549FB8DD2E36A75544EE7529CB2B3D2F19B77351D49B20237E3EEB8BACD688DE5CEFDBE7E17235BAE7C6DFF49D8F24A443AA33871D44C08EC1639CF2BB75618F846BD66BA3311746403B792785E543A2D46A8B4BAE4270EBE16AEB1AC1237D98F977001CABE95D2A590071880BE4957353E952EBBAEBE8617471869FA8564AD21A5A6D8E02D4874B2E980048778AEC9E660DC39A5AE23F756145A37DA471BA4B3B493DD3A1D233DC201DB8EDDD2E37BAADBB4F9A52499D441A0E3FFDFE56595FDAE4AD2DD292EA0FAC61A4A20F747F4906D6766A25DC5920360F213BDD0E02C1BF2546FA5354643D9BB6EDBC52B3F40BB04019589B33CC940E2943338B090EA2DC1AF0AA5EBB1FF1B5AF3B0B5DC9EDE52A51EC804E2C6567FD482DA712002A86A4C8246975E05BBB23AA3DB539EE686B77116148754D73CC44DE2882B9D3EBF36D75B8002948352D8E3241B91F94A9EAB54F281216018DDC8598CD73161759272078491D4438B9F8CE3EE90DD418F749B01BCD9CE14EA2E46E7812B8B4D03593780125B147973A8B49BF82B3BF53BB24FD25B66B0004D7386D6922C1E0572953B346C673BA8104F6EC986217BDE011DAF010347B2D126C164580E3C7E1107B9DF5BA89F27B7D94D84B64717BA4B5824777738611866F2301D5DBB059DDA988E2B0306B829CD95D2368307181C00ABCA968C974E18DDCE7038FDA38595A6DDB8B003785A594D6DB8871EFDC7E10BA66B48D8CBF9A4AE5B89F16BD292F1F590DFF00DD74600C0E1B68AE569DD66DC0D9ECBB1A30C2012DFCAD318C793A74F4C5D5CDADD19B5CD8E5AFDAB645358CAEDE3CA3CFE4C2D3B51009187CAE1EA61F69E6C57D97783EC6161EA10D8B211CD84B8EC706771CB55CD63BE53DAEC256C0DE308DA0AE29EDD9976735D5C2635D84A614D6AD632CA0ED426828A55ABD46755BAD5E55561408E86D6A52B56028992761A2AC32FB26369182D1E12DA6E44ECF850333C26EE6A9B9A8D8F22CB6BB29B7E119702AB70F2A651E541B3E156CF84D0E16AC916AB63CA95B14DA536DA556121E40DB8E15165F64CB0AC1011B1722F68F0AF6002D1EE6A9B9A81BD831E15ED088D138528F82AA52F267634F74E6D84904DF2ACC94BA656966CF0694DFF09024B57BD1FF0053E34DDEAF79F0921D67953714178D377D29BAFBA4EEB5377C946E1F853B750E50EF4BDCA6E083F134969EEAB77CA0240421E2D2DFD0F136ED558F283729B822D3D188836C2587220EC7C26916D0A5055B829BB09EE275DA50530AAFCAA2E46D5A591E15585565528D892FD8B0A8FC2A52D238870A890704A84A597652DF663C25CE46C2AF704B98DB0ADB0BB2CE38DAE936B48B5E6BA9BCBAF615DCEA80E48185E7351A86B090EE13BC7BBD2F8F291C4D44D3B5C5A6C825227EA06187E914FF0021747502126C13F92B95AF8E2790DB2DAF84AF1E9D18F2EFA4E93A676AA7F75CE76E0725CBD869E66C54DF03CAE3744D145B00738007B2ED360862389307FC2CB3B3D2BD9A757B5D4E6BA8F8081FAB200C80D3801548F683B43AC0EC9243DF6D106E1E0E5617FD2F191AC494DDCD1C2312CC283DA361E1C72B3C50C8FA0E63D80F65B2310C60C664B7787E4394D9B69B86C4FDD436EE047744FD8E1B2B8F295243235A0B6C03FC04A738C6E21C0BA37FF70FEDFC2565129AE79602F889C57D27349326B2363C8DA4727E05A43E39449FE9CE0348FA5E7FE16674B2190891D4E68FDA5B877D91E3D1F4DD2B1C630E638163AAC80B2FBC43486971230EC72931EBDBBCC6C35FDC5B775F2818F7CF2B8B5C18369B378B53655E8D7B5C03A47007BDF80951973C87385B6AD63875F34A1F42C1FA48238F9F95AA695EFD3471B5A40DA01DA723E5392D5D5EAA6FD3B0EC6D9DA36D7DD545248C80FBB78E5A065541132397748DDCFAFD9FEDF195A9F117BB792368CDF247D93D44DACAFD408E301CDDF23CFD2C03F6FE510D5C8D63A4361ACEF7DFC0545CD748E792486F7DD44A65433C54D876968A0B3CE4DE8E52E3D54934AC7CAFB073CAD65EE980B738038DA1738E964710616C61FE6B716FD9363D36A6201AF7591DEF251A56A58EB41186B47D24D9AB2301686B1B545DBB175C2C0DF7C340F72BC868A25399298C6D2491DC5DA9B51AFB6A75B5B61963C13FF495EEC8786607141092F7D16BA85640E541605EEDBF72A36246CD373C05D8D28E3EAA5C184079043CFDEE97534BBC01F59C615E195DB1E4E376E38411C94C6B366372CFA7276D136B530D8AECBB70AF3B3EAE9A222421D4DECB29913460A64B17B8CA01746B734E6F2F1C9C396B76153775E02DFF00A025E773709ACD080385CD3E2E5BDBAAF3E3230B2325384656C1A7DBD94315057F834CAF36D9B6AA2DA4F7000A5392B8E84CB6057850F0873E16776B473A92DD352B2C91DD92DDA491FD954E3CAFA8AFEBF7443518E557EA0F656DE9EFACA6B3A6B8F2AE7C6CEFD15CF8A7D95FA92AFDE71C515AE3E99F0B4C7D3801C05BE3F072B18E5F238E3961CFF098D6BDC70175D9D3C62DA9CDD081D96F8FF1D7ED95F978C719B03EECAB2C2DE4AED1D20AE1224D103E13FF000533E5CBEDC973B6841EE1F0574FF403C226F4F69ECA3FC1CAB49F23072C39E7808DB1C84AEAB7400764E8F483B84E7F1F7ED397CBC6392DD3B9C9ADD29A5D66E900EC8C69C0C616F8FC0C7DD6197CBFA8E633498E135BA6202E8089A15EC1E16F3E26118DF91B790DC54326DE52DEF03829124BF2BC8936F774D0751D957BFF002B1193250194F62AAE05D3A5FA8F90A8EA3E5734486F945EE144C0F51BFDF2A7BFF2B08739C687F2B4C4CEE96521EA43C3CB918CAA6467F946194B3CAF48CAA90D14CD8A6D4B65322E8A36ABDAA523D8DED630AF70405C021E539765A381B0A175255A8728DFD0F1866F0A6E0939505A0781FBC2ADE9744AA4B65A34BF0ABDC149756A88F952A922CBD0124A85B7DD5236B9245854EE0A88B682395AF17751C9AB1E77AC35D9ACAF15D4DD231C79ABB5F43EA5A6F71A68D2F15D534CEDEE1B7F2BAA61BF4C31CF5EDE565D64CE96AFE909B142ED4CAC68048BCA78D039B29786138EEBA7D3E0797021AD07BD84673A6BE736EA6834A4420398052D3FA489F82687F84BF7A52DDB1B7B65544C73ECD67E571E7256F8DA38F4DA78DC43A42E3F0B6450B0E046D1F2494A669DB5901CEAF298D2E8DC3730578B58F8AF7B3FD96348DAD047736953532E40E0EA3808256CAF180003C80562981847770FFEF74AAF13FF005D351A6BAFFF00BD9679BA84A1C1B337731D8BAA212A49CBD85ED68C763DFF003CAC7A8D44CF14E8D801F934A5BEA34CBAD934EEA8DE2680F05C32D084F52333034ECF678A1C858DA5CD716C903883C383AEC238E26ED70313D919EE4708D6875F6647132666F65B9CD04B1CDC9AF051E99AE8267C8F6B431E01A3841A2D3C5013536DA3B5C58706D62D4EB258A47D98E46EEC006E8FC23545AE842D1144E91CD277D9DB761BF6F94A9A5BD9117D3A4AA1447093A6D53232DD20696DDD926C9F9F09C7531C6E7163DCE7C5866E22D3D7D13469DF030B9EC0640D6169CE2FC9473B4BA22D70A6118DA315F05668351A6D3699D09BFF0057F7BCDE4FFF007C2193AB1999246C0EF68111B370200F295825A7C1A1D1C5139CDDED8EF2E7B855A1D46B6088B63D36E23FB8949004F135AC2C3B0D905D81F6085D286DEF2DDF937540A8D77A692B668752C190184939256F64F0EE3B1AD07B92B811B8446DC76DE79B256CD2DEE320786DF77FFD25AB0655D41340D2363D85CE3E6E935C37ED6B1EC27CFF00F0B1EF3B7EAD8FCF2D14ACCC2DC1CC2EC57853654ECE78745200F907C6C6A54F21BBB7B81E76E129F2C2C8F77B6FDDC5126D27F58D737698EAB1DD675A4EDD18354C6F0C752EAE8B516EC0A1F257020C3EDA689F0BB1A2C1EE55633B67C8F43A696EAFFC2DF193E0AE6E8DFB877A1E574A2E066D77F04799CCD711BA5AE2596362D90B6B95E871E3BAF3B92E8621072A3A1A5A19C2B736C657A18F14D38EE7DB03DA462921D1B8F65D23083953D90B3BF17C978F3E9CBFD39EE0A21A4BECBA6221DD588DA12FF0A1FF00935CD6E8811C236E83BED5D1D8DA56001E55E3F0F089FF002B2FA606E88784C1A21FED5B052BB0B69F1F19F4CEF3E5599BA317748C695A0A772A585A4E39F4CEF2657EC1ECB40AA4418D6F657614B09F89797ED75F014DBE1570AC14CAD511D957B608B45DD44AC12E83B1BE1586B7B05305444915BA8452B06BB2808EEAF09958B555952C296109AB2876ABDCA6EF842B6F9F492DACEF92FBA173B777C2AE17CFC7D36D7B8F37852B2150181DD18692516C2D76AE47FD264716EA3908E386CF0B5450505372568114430696B6B3CA8D601C6118E163965B2C8400195684BB08412546FE99E8CB544A1562D4DA484A13F08EACA9B3C2732D1CA555A20DC260657652827B172D97B0A9B53151348D8DD0ED2AB6A3DDF0A8E51B3ED1A02BA0A95229AC814AA8151513496C25042EA509A4254FBA714531B44652D15D05A61754653A64D6516B87C2F3BAAD2B5C4DB7BAEF6A651B88ACAE7CAC7BADC6805EAF1F71C1C9D57124D235AD34D195A341A4644D05C09778A5B0C21FCE0526B620C8C50BAEEA3971BED5C79324D6061AD68FB2C8E37DC0B5B67DCF144D04A3042C1721AB5C194776342D77D21A01C780ACC6E0CDD7B0DD5B955C60E0DD71E15B66B0035B75D8159D8D6334B2BE2346471F801629E4735A45901DD8AD3AA9DE5B4D0C6B8F166D73246BE7BF76605A3B01851A9EE3497443FA8B61943889B9A25A308A59E0D433739CE68F04E0A749A7698DC1A586FC765C9D4E9E105CD0E793DEB84591A4EDD9D1EBF48C8CC6C969CD39B6F1F64C9751A9949034FBDA061ED3442F381E74C0B4B9B233905D823F2A49AE6C9B4BB534D1FED791FF00FA9F88D3A8E7B007C0408E770355C1FF00E57135D1BFE88BDA7B1EE70DD25E0902B943A9D5BA4243352C3E438E4AB1A990B444DBF6CF3FEA67EFFF00385531D0DA99A86C7624864748705E1D607D953B58F9B572B1D3188B1B4778A35F05619677B350238487C4DBAFA68FE5678652E3209AAC5ED2E3B4855E1F6D25E9DBD3EB8EE0EF7257C618012FFED36B56935AF31481CDDC2FE936B8D0BFDB7089CE7B4B4F20D83F75D486560B11ED17CD9BFE14DC7456B4E8E6904D6C378ACE45FCA7CCE7C8FDD2381EFB5A97A2D29981E5ACF3DCAE8BBA7D464B0122B04F6596ADA572D3000E8CEE34D61EEB469A7631D7EE4647C05C4D4EA1D04E77BC903E53F4BA984BB736417E7BABBC597DA6E735EDDF7EAE26FF0075FE696576BC92E01F43E70B346D74AF059B1FDF06ED39DA7D436F7B2C1E12FC57F499CD8FECB3AD7B0FD47703C66E93A1D717BC3436FE4AE2EBA391AF34DA17784ED03DE080F26B077159DE3D474637736F51A4742E7000969BE177B431B7FDDCAF3BA26D004D780E02C05DFD039E2AB6BA9449DB3E57A1D1B76B6AC10BA508182B93A499C5BC67C05D3D3BAEBCAECE2799CBB6E8B95AA3E42CB19AE682D511BACAF4787DBCDE56A6784C296CE2D1136BD7E3D69C19FB41CA855296B4D216A8A96A2342A296A94468A74BB55B9426BB2A06FB2342D16E2A5AA568D1AED454A5A5A02054B2841B5696826E2A6E5478549E8081215DE10DAB4AC310E14B540F6536FCA43684D70A026D52A41F43510590A59426FF00A7CE034D236B78BA55CE026C719755E57CEF93EABC629B1EE755527C707F29D14407232B436314B3B96CB7202388009CD60AB4400014BC28ACEE56A55285406D5A5FF0B61A50349EC8C226A5AFB2D96186D15260AEEAF096A27C8BA50E11139508B4A98143C2B205612DEEC256FE8442E00202FB4B7BD06F446B303B71560A4EE461D84CFC4DB1E54B1E52B7052FE521E266E01513790830AC5A0B4845AA2285A3E5422C6556306F4558B561C81E002A83D6F30D32B96D9B53FBAEB2B23A4241C0B5D295A2469B195CF7C7ED9A2BD4F8D6651C5CDFD6EE931C56EB7349F84C782D658657DD688C536DC30825CD9FF0B7E4E3DB2C393B72E67D1E7F858E6D4B48DA696BD531C6C0C7DD71E6736336ECFC05E572F1EABD2E2E4DAE625996BC7D9047AA2D8CB5EE06C2C93CC5EEFA4D11D8774A05B0B439E3EBECD0573F83A65751AE6483E96826B923FCA4374EFA73DF28A3C0A59E37C85F9A67800ADF169C18FDC79739D781D829F0FA55C9CE99AE60DAC63DED38B5CBD60919F4B5CC00F65DAD5EAE3818458BF8E17067D445A89086BACBBC151705CCFA72B5B21638801AE27B7CAC25E5E1C5EC2C2076CDAE94D06F90EC68C705C567FD353C58B1DFC2D64D4ED5E6E2EA754E631AE8C8B1820A533AD398D6C65CE0F1C6D02977353D1A29AE9E7C968A385CBD57463A777BA18037B03DD746196166AA6D04DD41FD4406D16BC104B78C2619AC06C806082D271F82B9E4BF4F20750056ED1874CE224A7B48B06F80AF2C64899C8EE46D8E478A849B01C438AE96974A5C5A638860FD46F217334F0CCC936900175004F70BD57A7F40EDFBA400027B70570E5D35F2E9D4E91A4133054747C95E73FAC3EA49FD31D320D369088E59EEDDDC00BE91A2821820DC1A2C0CD2FCE9FD5BEA9AEEA7D47552CF62289FEDC58C00BBBE070E39724F279BF2F93298DB1E3A7F58F50326EFD448F3590E77D25569BD71D634EE6FB72C6003C6C0BCF9610E3B97534BD5B49A6E8FA9D0BFA569A79E7734B756F27DC800390DA359F95F53FE3F1EB5E2F98CBE6735BFFAD3BDA2FEA5F5DD14E5BBE091CD340BA31633F0BEBBE8DF5747EA1D131F39A94E1E00E0AFCF2D6EED6915FDD67F95F6CFE8B680C9D5351A67D3EB6C800ED6BCEFE43838E61BC66ABD3FE3B9F3CAFF007BB7B2D6F4F74877C71BC83F093A6D0CE1DB4C4405F4AD5F486C5A40368CAE769FA734636AF95E4C7BD3E878F9AE9C2D0E99EDC9613F65DBD20D9CB085BDBA38C76AFB04D6E8DA06028F1A77937ECED23C0AA5D58083D82E445098CD0FF2BA7A7268795D1C4E5E6EDD0600696988059631602D710A0BD5E08F2F96B4311216F0AD7AB8CE9E7E566D0F0A95954569215A84D2886ED583942544E54B50F285C32802502107CABB4502DCAACA8A20FE90145B820E14B08B085614DC10D85149CA2DC14DC10ABE53D0D8B705694E561DD91A394C0AD0838576905AA2A5A9691FB529FCA8A2344F01147616C8E3A031C236420764C6B405F29737D55C96066D1AA6AB5172FD33BDAC9C2A514A04A72EC84D568453510CA24D2538CAB0A82B4762881B45B90034A91A458326D4B1E5028A6C3902E77859E4795A1EDCE52DCC051635C2C9ED90B892AF2B48847845ED27BDB4F38CE0134880213BDB5618292D27CE10412AC0253F6053604F42E7AF44EC20230D349A1B414469172D800A52D1A1DA522D81CC0E0B3B99B4ADAD6938A2ADDA62F1C2EAE296F4CF3B276C718B43A885AE17595BE3D21F0866D3ED6D95E9FC4E2B8DEDC7F2339674E5886810153E20D1F2B5919FA5AA8B6FEEBBEE2E397B707590B5B6E75DAE06A9E0121A05F95EA7A942D75B9C78E1799D60D8490D5E5F363DBD0E1AE2CF2BA326860727CACCFD59E1BB4BFC9374B46A62925DC4E183BAE0EBDDB1F51F031B82E4B3E9E86176ECE8E73BEE47D81924A3D7FA8236B4C6C7827B01FF002BC86ABA9CD5EDB09A1CD2674B85D2BCCB21B27CA30C2519DF1EDD1D76B64D5508D8EDBE4AE5CDAE8F4AD710F38E4843EAFEBAEE89D35EE8981CE181D82F92EBFD45D47A89799272D671B19814BD1F8FFC77E4FEDBE9E6FC8FE4BF174FA13BD51A46CFBA59CB0792E5D8E9DEA0E9BAE78035F00BECE785F10DC5C7924A74D0880C663D43252F6871D97F41FF0069B1CAEECBF89E3B3DB827F2DC9BF5D3F43C3A4D36A8B4C72B5C3CB7394CEA3D1B6C1EE17EEED54BE17D2FAEF56D13BDA87592C4790DBE57DAFD15AC975DD298ED7BCEFE5C1C49DCBCCF95F0BF0CDCAF53E37CBBCCE3EAFA148D1BD916F738E68F65974DD2F5F2BAA3D33982E8970A03E57D3B4FA48758D2D8606FD5C9DB6BA9A0F4D6960374E2E3C83C2F3E7265AF4EEDC782E83D035BABD486C8EC307D2E2704AFA8F43F4F471420CBF53ABCA7E9B45A7848A6800600A5D084D9FA490D1DBCAC72DDBB55CF73A60EA5D3DAC89CD0E31B4F25ABE11FD4DE88F84C90451B5F1C8416938B2BF489D27BEDA70C2E1F5EF45E8BAD695D04AC031408EC1747C6E5CB8B2F2619F8E52E35F8BFAC74B97A7BDA1ED782E16E05B869F00F75CD02C2FD35EAEFE921EA3A7922D3465B4DA66E3C52F9D69BFA23D7257FED84006882EE3F85F49C3FC8E171FEDD5781CFFC7E5E7FD3B8F0BD1B44350E8A697E98D97BCDF35C00BF45FF00423D332C0751D5E689D109E831AE1C34257A37FA2DA6E9FEDC9D5A78E7730877B4D6E3F3E57D8F471C1A48445135AC634500D5E5FCCF9B396EB1F4F43E2FC7BC58F62D6B43E3AE5730C4D6E08A0BA32C8D7BB9C2CCE6875AF1797BCBA7A1C5B9354B66064527C42C25B59B51C6F1BA8837F64B1BFB5646987770132363987215B0594EDB67CAEAC30DF6E6CB2361782B7439E5628A100836B7C22852F4BE34DDD3CFE7A770AAD4E1515EB69E7DABB424AB42EE501141854AB72008AA22D0939560D20294E0A2B084A02F729B957E5513480226D52ABC5AABCDA0095EE0841B5680B26C2ABA0A143B5006482AAC0E10D52A403838014A6EB4B6E328C1B458251A8A80A2ACE14A914424DA880F33B14D89B9F0AC0B0BE4BC3F6FA3F2A588CD29B1307743C2AD68790762B0D15CAB5291A2DA6C07BABD9F2A70AC1CA02B6FCA948A94A416C2184F750B0F947C70A89B4B5D8D876AB0D515594AC34736FB2AD9F0AED4DDF65342B6FE14DBF2A136AC0B29E385A2F4AAF952BE13990129EDD192B69C19DF519DE4C67B62AF857B334BA23438CA637442B85BE3F0B3BDA2FC8C5CB119F168C69DC57599A41DC04E6E95A3B2D70FE3F2FB6597CB91C66E8DCE4D6680FE575DB0347646D880EC17561FC7E3EEB1CBE6FE9CC6686B94CFD2ED5D12C0334103C0217671FC5C71F4E7CFE55AC0210166D64362FB2E8B9B9489C02DA5BCC24F4C6F25AE0BAC638292E22B193DD68D7B76925B85CF2F70268A32C7678E5A67D6B6DA470579FD7C4236EE39B5E87546D8092B89AC8F7937C765E77C8C75DBBF873DBC8EB2491E4B7FB78AF0B8DA966EDC00FB2F59AAD25FD2D68B3DD543E9D0FA73BF82BCBCAEEBD3C33923C2B7A6C921BDAECF75E83A2FA76493969BF8E17A36F468D9FB5A0FC2DFD3E36E925C80D69E55637551C99EE74F94FF00557D25AB67419754C0E2D88EE70F85F116B3E8359BC7E57EE99BA5E87ACE81DA69E363D9230B5C08BBB5F9D3FA83FD06EA9E9FD4CDAEE8C1DAAD1389706347D51FC7C85ED7C2F95319E19F5FA78BF2FE3E5C994CB17C6FBA269362B9ECB7EAFA36B74D316CB03E324F0E14B5F4FE83A89DC0470BE49090280E17AB79B1937B79F8FC6E4B96B47F4EE91AAEAEE85B0C2F32373C65CBF45FF4EBD1D3E93A706EB9CE3EE51225191F087FA61E85D3E87A540FD4B2E577D443B3B7F2BEB3174E860D30A25A2A8E178BCDC9F9B2F1FA7B3C58CE29D7B72E3E8D069A31EC86800765191C71D890B41270572FD59EA68BD31D3DF33AA490FD31B01FDC7B2F946B3AE751EAD319F5FAF918391144F2D6B56197C58E9E3E4B5F6C74DA183EB9656068EE5C02CB1FAB3D3EE718C752D2EF06B6EF032BE1F218BDE1EF6A24919D848F2E08B5BD5FA6698471CEF8C6EFA5ADBC9595E0C7D48EA92DFB7E8587A9E9CB0399235CD3C10EB0BA9A78993004E6D7E78E9FD4F57D2DCC97A64E7DB711BA270B6907BD762BEF1E92D4FEAFA6C12C926E25A2CF659CC27DB2E7C3C66E3A5A9D131CDDA45B5798EB1D11ACB9B4E087839A392BDB3980B4D2E66AF46E7039B51CD86A74E7E0E6EFFB3C669CEB3DC6924B76E4D9CAE969A7964CB8523D540E864A009F252E39C4668E4AF3EDFDBD5D4B371A83B8B57F942250E028A9B8FDFF00F74BC77E99881CE328C1FA85FF002B33A4A3C228B500FD36AFC748B5D28DC062D3E375AC11C809A228AD511374BB38A572F274DD186E32B6C6056165D30B19185AC11D97ABF1B8FEDE773E5F4B50A968495DF1C684FCA126CF2A13D952612CAA3C2B424DA0B6AB3E5425451515A854ECA8057412B095956A28839515E2951556953DAECAB06952B1928D1442E36A6EA57B42A3848D1C772AA514298101844D402F08EE923301B544E1082A584AAB68AB2AD4B48385B54A4AF754F797CA4AFA2F1A6D154597CA5FBDF2A09AFBA5BB478D1868BC220D4AF754F77E5137B1AA6916A6D493A868E5C84EB183972B98657D17A691C28B13BA8300FDC96EEA8D039578F0675372C67BADE401DD45CA7F5715CA4BFACF871CAD67C4E4ACB2F91863F6ED1207242A32347F705E71FD649187159DFD61FC59FC2DB1F819DF6CB2F9B847A53A98DBC948935CC61E795E65DD4647704A53B5923AACF0BA31FE3E7DB2CBE7FEA3D1BFA9340E54675668A6D8FBAF34667381279426471E0FE0AEBC3E2638B9F3F9B9E4F6BA7EAAC35F50A5D287A8447BE3EEBE74D99ED341CEC794E8FA94D1FF00772BA271E33D47365CB957D2E3D644E18369EDD4C67BAF9CC1D7A66E32B745EA370C39D4B49227CAD7BA13B49FFE55FBC3C85E423EBE0F2F4F675C61397A7A4EDEA86A1A7BAB13B6F95E65BD61BFEEFF002983ACB40FDC80F49EE8239425C0F057063EB2D3FDC9D1F546F905036EABFBAC92E15C5AA128C1B5246F74E45CAE4F518AC139F0B8CE1B1C415E8F50CB14B83AD8DD1BCD2731D8B593506C0EEB04CCDE095ADF2608599C0B8AE5F91C36C74F0E7AA443A26B9DB9C2CA79868F00FC2D11376B4556551043CD90BC7CF8BC6BD1C79364886ECD04B93456438B42D6D9A36BA8036AA84AE1775E2D6131DD6DB6CE92FF0068EC271DBE174E69006969160F9185CA81F14340347D93FF0051EE0205D0F2BAB1C7AD56395EDC3EB7E9DE91AD719753A281EEAFDC5A2D79AD0741E9CFEA419144C8A363AC358392BD4F539243196868B2B93A1D2BE3D459DC4936435B4AB0C6F91E79F4F7DD0B4D130535BB6BB95D5D4C2E744E01AD70F07BAC1D01EE2C6EE66C1E0F75DF76CD86F6AEEC789C5972F6FCEDFD59E97A8D36BE2D4B9CE108BC5921A57C67D55AED4C0D66A21D596D60B43B95FADBFA87E97D37A93A54BA5731A6C5836707CAFC81D7BA4C3D3BA96AB43AA8DEC96177FA764D387C2EAC3096CDB3E4E7B31B8C9EDA7A7F5F967D0B2591FF005370ECAC9D7E49B51A8D36AA33BC3390173A396011C8CCB3776255B3AA9874CD8F712781DE94FE2D67E58C39F22E5878E55F42F49FA964D6C9A7D341A6707970612F38F95FAB3D35A1668FA7C0C04506835F2BF23FF4B6193A97A8B48F1FFA503B73AFBAFD6BD2F5BBA26DE057DD79DF238E639751DDF972E4C3BAEFB48093346241CD25B2605A28E5474D8A0B0B36E698EAB0EAF4ACD86859F95C39748E1B8B9A7EC17A291ECAC9CAE175BEABA7D146439D4F3C2E3E4E196BBB8796C9A6066B1AD277023B611FBEC7586BC872E245AD3A990973467208E56C0D238252FC7236F2DB77EA1AF34E7004F7546DCFA073E424B34CE20D8047C2D70405B428FE529C7B4DCF4D3087E2EF0BADA48DCEA242CBA7849AA0BAFA58B6B415D9C3C55C9CBC9B3D8031A022DC849A55766D7ABC7351E765774D5445AA00944452DA32A0E151348C8B0848544AB42AE942134A8AA055A899E92D52B548DA748A28A202296A2AA4BA02B5152B08E825955655A8945228A288A06385150E15A46BDAAC368AA6A24A85116809A44EF841451D0DBCA1D401DD01D6340E72BCD3BA93B90EBFB259D73E8FD4BC7C7F8DBF6F5F2FE47193A7A53D40040EEA60727ED6BCD1D64847EE53F50F70FB2DF1FE3B19ED8DFE4ADF51DE7756038704A7755F92B84E71201B4366CF2174E1F0B08E7CBE6E77D3B0FEAA6F959FFF0028F7139582B8B25586826C11F65B4F8D863F4CB2F919DFB6B3AF73B366909D548701D8FBA41A3DA909047D95FE3C7F4CEF25BF67FEA1E49365473CBB374B3EE22D587DF755A88DD34123C842EE41B2A07615E1C11A0A22B39CA81B67C23195748D02F69BEEA57DD32A8140E76D4C280EF642B70DD78A287DCF8503BE9E394051B1FF00C2B0F23C855B8A84DF2A65030E35827F944D95E3FBCDFDD281EC891B0737593B7FB8AD316B65755D9584127B2DDA560541BA37BDC2C929F03A4748035C5203C014B774C8F7C809F29C81E87A6E9DC18D256C70CABD2B36B02A930558679458C2E56BE0DC09A5D67E42C5AAAA36AB18327999E30D7E7CA4B882682E8EB600EB34B967FD33946588C6D35B206D8050BBE96971364A16ED68DD9B281F2DB785E77C8E1DBBB8792C2DD30CF6F928A07B5F92FC2CF280459FF95219637121A303392BCDBC7AAED996E3AA1EC35F08351AD3134B40C9EF5858FF0056E2DFF4C06DE2CAC7AFD6FB5096875B88CFCA63664DAC0E9007B8BBECB774FD646FD5000369A40BA5E5E091DBFDC79A0576B413C6C91AF6B811C15D1C33776CF9AF4FA1E943246376BB0B6C96D8EC9FA4765E5F47AE6E031E1849CBAD6B97A83D941B2DD7CAF4AF4F3FECCEAAE2E88D3A9BDC0F0BE1DFD49F48687AFCED7167B72B6C9919CFD97D43ADF5E118372C6C1E2D7CDBAC759D14713DCFD5466DE4BC9764959DE4FD3A30E2B94EDF1CEA3E8195923FD891E4035F564A4F4BF42EABDC7BF5836B1B9690795EBFAAFAC2161733471991CEB770BC76ABA9F5BD74AF68748C0F75803B2BC7933B35B4DF89DEF4FA0FA5646F4A907B71B1BB40A737E9257D3FA27AD74D1B5BFF00EC359DBF75E7E42FCEBA1E93D55EE173C8CBEE4AF67E9EF4C48E737DC95CEB366D71F349EF7B7B5F0FF8FCF927F69A7E8187D67A37FD32EAA2040BFDC16D67AAB42E6FD3335DF62BF247AA0EBF4DEAAD5E8F4B34823DCD8EF760580BEC7FD3FF00456A20D3453EAA79662F00DB8D8597271CC31977EDC165F3B8CFA7D58F5A6CE3FF00D73EE1AB0B8BABD06A35D37B9312FF008F0BB5D3F4234B135A181B5E16C7B5A470B873CA37C3A79C83A608B8695A9BA6CDF8F85D07C7DC57D913236BB8C151E3B579931461A287F0B5C2C07B28C82C8B5B2080EE06B0B5E2C18F2667E9600482405D06B28612E16003C2D00D3576E134E4CE90E554ADC68AAB5D58B9E8DA8DC85AAC9B5AC6754A8F2AC9C2126CDA64B20043CAB26D44F415B42A2DF944A2095B551F0AC9A501B484A1AB536FC23513D8052AA5654416915DDAA5123D2AD4574A270691581951A142293B42F835D94B5546AD52931EE014DE814BAA401EE53704272A91A0F8EB6EAC9462B8345003D81FE42BDD4D3E4F7572206FC56457F0AB1824A538DE4E54DDF2500FDA0814421BA34801C70AC9B367FC27B8065ED0689421F480BB015022F92512038C842B0F1B6CF74BA051014120B2E03B1404E47F2ADC2BB9283EAE500CDF8ACFF2A0791C25EEA190AB7A0349949AC2AF70DF296D37DD538F2949A0619556F48738DAACD1CA61A83829BC2CA1E7CA9BCA034970556167F7084424B41E9A0108838572B3896F089B2209AA3AC5AD9196B5735B226B2737480EA3497915DD7A3E8DA4341D4BCD74FDEF946095EE3A5B0B2318A4F1F62C7498DFA4524CA327E569C01F0B3CB9E16C9DDFB677370564987916B69E1659C0CA5843AE4EA86E354B97A980136175F5208E173E6EF85B691BAE5C9FE9DACB24AE693670B7CEDDD6162922179217372F1B7E3E4D306A66DAD26CE4AC7FADF65BB41C9E4AD9AA8F71AE5732681C785E672F05DBBB8B923647D40539BBFB6124CA1E1C5EE143BAC8CD33DC71C5E52F525EE69862203472EF2B96E2EAF2958FA8F5431DB610091C05CA8FAEEBB4B2DC4F2EF2169D443B9FB5A303949640C0E3DAF9C2A99788B8CD3D168FD681B0B4CF1BDAF3E167EABEBC7C2C3ED1792795CEFD3C72D023E9EC12757D399237F6FE7C2EAC39B7D39B2E291E0FD63EB7EB9AF2C6C6C918C6389245FD43C2DBE9CD0E97D45A56CAD91CE7B3F7B5DCB4AE9EAFA509185AD60CE2E978F8343D7BD31D61DAED1C6E7C45D6E68FDAF1F216FA99E3AFB6DF139EF0724CB29B95EDA4F4BC5161B10C77096EE8AC6D10CC837C2D5D37D7BD2B58C03565DA49872D9050BFBADBAAF54FA7E184B9FAC85D62806BAD735C738FABC397E3678F96E32E97A435EE05AC24AEF3069FA3E8A4D5EA5ED63226971FFA5E4E7FEA7F45D1131C114F348DECD6D01F95934DABEB1EBED4B626E9DCCD16E151B09FE5C54DE3CBDE5E98F37F29C1C78DC78AEEA745E83D47D5DAD967FD386B351A8F74C87902F8FE17E93E83D261E9BA0834ED04FB6C0DB3DE82E17A33D2B1746D2C41CD69701D870BD6EA67669E32F0470B1E5CBCBFE3E773CB77FE83512B59804D80B2BA7B6E3959FF00546625DE4A6358E3C8FB2E3CBFB5E973A86C6DDCEB1795A5B1F06A92621DF83E1688C9272AF1C6A73CBF4D10B6C0BA5A994D01678EBB278395D78E3239EDBB698F2B437859A329ED71A5A32C8B78CA1ACA37F28682EBC2EE39F2F6B514426D68CD779A509A437952ED3D05936A940AD1A4DA8AF7042A27A2452B2A2B448156A95A8020294A5785023471115842A14587B42A296A2436B556516143C246A0FA509B54A20AD5D283050916A20C479B554A02A5A03E383E915FE5471FA6CA00FBE422DE3823F856809CAAB1C9EFC2220106950A24585406D757270AC9005F64A703C5A137F74A90DD9EEA89FA7943F57CA9CF2128636122B9CA634A507349BF08C3F05004E7212FA405F6682173F6E394C2DCE17CA1121DDC2A2E1D95559B481826A3953DC05268D1FF00B436E18242345B3F70FCA2DDF4E42CA1C41E55FB873F08076E05D7D9539C41C1C24179CE690898F0983CB8F72A83F29364F7463C27A07078011B5F6B3EDCA3692D526D719BEEBA3A0D3B6478B5C98BEA22BCAF43D1E02F2090794B2BA3C66EF4F43D33A7B3057A3D3B031A02E6689818005D3638613C2AF29D1E1FBB096F1951BCAA3C95D1587D96F6D2C930BB5B5DC2CB28BCA7842CBDB99A8672B9B334AEC4CCBB2B9F347656B314B952C58E32B24B1D73CAEB491D2C72B3C14AC871CA99A2F858CC21CE39A5D59A3C2C12822C00B9F3C656F865A659DA1ACDACEFCD2E7CF1FD25ADC795D2ADD766BE52258F2BCFE5E1FD3AF8F93B715FA7C78FB243E1DA0E083DED76DDA7BE0D244BA334B932E3BB7463CAE4451E4DD7E539B346D76D2704795A65D112DA1FE173A5D0BDB646E51371AEE5EDB346CD2EA26A76D19A5D297A241A91B286DAF185E65BA79A377D3B859ECBB1A0D56A6070DC496AE9E2E6D7558F2F1EFB94AD77F4C3A7F50653D9B7BE17307F463A6C87799A569ABB1D82F6D275A748006B3814A9FD4642C1B41B38579F2CFAACB1C6FDBCDF47FE8E7A761067735F39BBA71A0BE85D17A574DE93135BA5D3C71803FB452E1E97553B640D069A452EC6903CB00272B9F3E4DB591D676B0C6EDD11DBF052A5D4EA355FB8D7DBBAA861F730E0B5C71363AB5CB9DB935C2C9ECBD3B36B45F2B7B0B760079EC5647398D78F084CAF6BB6DD8EC8C70D43B96DBD976B4C7F5345F2B1E9C38F2B6C6CC72B69D33B4F8C5527B52982D3D8DB573FDA29AC4F61B094D6D774D8C616B19E4A772A80B08DDCA12BAB09D39B2BDAA8794245AB26D45A2024615223C21565556A5956A905A4DD4A6EB424D9500B410ACA96A051012CA96A28808A28A20D2D4E545104B5152BB4AC0AB52D43956025A3DA5AB0A7E555D23411452D523416A94511A0F8B976D1807F0A6FBACE125CCA3574A341CAB893C91E5407EE95BAB915688481DDBEFF00081B1170F90A1701484115C5DF955B2ECD840337348174A9CF6D57F949746E07E90808796E0FDD5038BC01FF004AACD258B205828DBE085016E759544585564F280C95FF0049C80C0C3632ACDB7E52C4C7ED611178F1CA7A0B2EFF001CAADED2A016DF28437F090DA9C2C58CA124809A3681E142010AA067395070985A07DD0EDB400D8441C42A0CB44222464A00C498F944D92CD14A3191E55B410EACA9B09D4E9D135F28F0BD8F4C818C602BCAF4865B9ABD668816B02E7E5B76E9E18ECC47185B227585CC81EB7C6F14B4E11CAD21CAEF29576A34AEB9DB96F463CE121E98E384A71B0B49D26B2CC2C158A468A5BE51858DE38572A5CE99A565959B5A7CAE84CDC958E768A4B2F4A8E74AD19592463466B256E901CF759A48F1CAE7CB71B63E985D17358497B064775BA48F70C2CEE6816382B2CBD34C65F6C0E2737D906F0E7514E9A223BD82521D16D162CF95C99C8E8C71E906C7122D5FE99AE3C243BE97D5E4AA76A1EC750CAE7B23798EBD1DFF008F6EEBA01598228C0BACA51D43F69166CAC12C92B4D9758517A5CC6D75C08C5579A5A18D6D6697022D448E3CDADF14CF7503784BCA1F83B7A781960D8017534EF85AE68045F1CAF3824900E71F74D8CC8E903AC8295B13A7AB76A5909BB012E4D77BF190D77D972A312C95BB20F65BB4FA7AED4A3470D8A47B8D1B216B8227609534FA7A683DD6F8A0A4C7D9BA76D0E16B600971B315DE93E26E7282CA1AD1498C2AB05418E155BA49ED4F670B3B0AD0CF95B61DB2CBA5BD0A37F640BB31F4E4CBD848F8528F844A2A480855F8446D0AAD8A15085647854905528AE95146C22A255A13CA3634B054B0A01615109FD244A21B2AC7096D516A28A2728D228AAF2AD34A2A1CAB43DF0802B0AB7052AF9528202D44365584A53887954A10A9315F1612678ECAC3C51F08368348A80CA7E92848AFB20357614736F9532DEE8DEC20C7DD589093B4037F2A0AEF5F857F49EE8EC9378BA3CAAF72EEF2AFDB683779E529D19B241FBA219E1CDAAC2A2E0566A3DB3F2AEDD49D07170281DB6BFF00741B8FE1091F2802203BFED5B71F2803093CAB735DC7169835B20EFCA2DC08593FD46F289B21FB24529EE200B1CA59739DC14B2E3792A32424914998F7102F951A6FF2A62802AAFC1C20B666EA57BECE12AC794393DD29058D024BC226DB8D56567692059385A349F5482BCA2FA123D174882EAC552F49161ADA5C9E97000CB5D4076E57367FD9D7C7D46F816C6B805CC865A4F33E3955C7D17276DFEEA385FB9C72B967534395B345207538AEBC2FD39B36C7F09449E08A4C71C1AA497136B68CB65C8B2CBF48C2D0FC94895B784E512304A49B0065677B3772B6C8C012CB42569C8C2E82EF0B2CF050E1757673F2952C1795967DB4C5C730902AB3D960D4B0B1E6D77246169E385CE9E032D9EEB9F3F4E9C1C6323DF78C5A32DA681565697E94349C25FB6F0E2B9ABA64EDCF3A7DC49FE0A9ED3450AB3E56EF679B1C940C8BFD42296174D2313A1A2410912695CF27185D57E9CB8E0E54669BE165958AC7A7299A2AC86E4765AE084020118F9ECBA2DD35B7392A47A50F701DD4FA69BB62334CD70154B4C5A221C2804E834DB48C15D386101A2C5256A6E2CD144E6D616E8A2EE9AC880AE168D9C612D8481BC0A5B1AD14951B1680CC50E52B45D68D8850B4C6B903303298D3DD388B4C06915E2D05A268B21093237E72B435E0E4ACBC151CF2012BA38EB2E46C7CAD08448D7770B8BACEA1ECB1C49AA5CA6FA99AD76D73B3F75DB85DC71E57B7B00E04A2DA3CAF330FA963757D6B537AFC6E1FB82A12C76CD5AA217363EAD1B87EE0B4375D1BBFB901A14B0922663BFB823DED2306D4F943D0F07B217055B94DDE11E706BF6A4247751C492877108F3835463853720DC7BAB4AE63C6A8BC2B0FC2ADB684B72A7CC68C0F0542EB4A22946B882ABF241A36B16AC70877AB0EB1C27E706AAF721BACA9484B7BA3CA0D517B8AF784A376A1B0979C1AA65D2824B4B69CA86ED1F920D1BB82AB0945C5AABDC47E4834F8B80E6BAACDF0A1E3B50F94464CD7F296E71C95D2C91C707C280BBBE507B9C63F2A09A8E0E50545BDC0F00A0F74EEACFDD33DE6B867038B544B4800728EC6F711B2DE2D47484A59ABBC2BDDF64082DFF7537DF955B9BDEAD15B0F1840D809F054A3CAB7068F1F854D7B49CA0C264736AC57847EFDF6B51C5878E10965551EE9813E40723080DFF3944621D9D9F285C1C31C0F94B41556728DA05027EC95BDC0D00AF79E2B1F082A71DB5F64B35783840E7ED15D9535E0E11A259241F29805D21A0794C02907B09185B3A734195BF2B35616EE9ECFF5415397A38F5FD3A9B18B2B639C005CCD13DCD60185ABDDC72B9B7BAEB9E8FF007C354FD58F2B1C927CA4EF3785ACC59DAE889B72EAF4E71733ECBCE3655D8E91338F8C2DB0DC659BBC2AB296F23B2206C5A1900A5D31CE438E52C8DE68263F84A0692B5519E58E8F2B33ADA6FBAD3A93456571B06D4AA180823950513582B217B9A709D13EC5A8AB85CF1827859069FEB385D07B863E567793B97367D37C6B9B3E9EDC682CC74C495D97421D94B1A626DC4D2E5B5D38DE9C93A637C04A6E98BA4C1A0BB5FA6DCDE1537454721619DDD6B1859A2AA27FC26B7419DC57523D30AE0273606F154A2C53923482C80141A211B815D6745B1C300A92C41D58FBA8B552B1C70039002D51C0D23E54863DB6027B1B468A54ED46C0682D0D8F030A32A804D054D2086D109E056425D8711F0981C84E421C2268285BF514D0293DE9350028DA552B00272988A5C97B72988656FD056F830C9E63D4321F65C1A68AF0FA995ED79B72F63EA7DF0B1CEAC2F05AA95E5E4DE2D75E3969CB94EDA59AD7B0E1CE3F95A63EACF6F0E217184C4F7542437E53F24F8BD0B3AECCDE1D6B433D4F33726CAF2BEE902AD1B65B1CE52F21A7B28BD63B683895D2D3FAC23A16E1FCAF9E13BB9503F68C1487A7D4E1F54C2FFEF681F75BA1EB7149FDE297C85BAA7370D7B852D30754D447FF00F29AED945AAF27D7DBD42177F784C1A88DDC10BE4ACF516AA227EA270BA5A1F554C3F7BE92397F6FA5822B95377CAF23A6F574640B78FE56E8BD4DA77FF7B52FB3DC7A00EF28AC2E5C3D6B4F28FDED5A9BAB89FC385267B68700A890394B32B08B0572FABF503A5D1CF20FEC639DFC04A765B7677348C1501145788D07AB4B9A0B881F72BB30FA9617F2E6D9F941BBDBA95EE0795CB8FACE9DFF00DC3F95AA2D74320C387F298DB5D842E00F741EE34F0E0881BEE82AA6B68A3EC81CE0D164E157B8D3C390622DDDCA0D802306FBA86BB94B71363E1EE7E6F0AC3C1EF84A2D0EFDBC20F81F85E839ED6A1445822CF6285D18703C2CC1C40E4FD91FBB8F940DAFDA2DCF6FBAB0D773D95097147F28C3891CFD8202BEE1135A08BABF84B73B1CA10F70A20FF940D98F8AF2100DC307348BDEF957BC115E50340CF085C76F09B923B6101ED6805EF3DF01109EB17C851C1A6EED58883804030480B4007B28641F1687D9A14D280022C91682DA39D64F2AF000A503ABF72A1C20FE94580E7FE540DA44D18CA8E19A0821309ACA371C612A883CAB27C208D69E3EEBABD35B6F17CAE20249F0BB7D2AEC2CF3F4D30F6F4313A9948B7DA4B01DA11D1A5CB8C76DF5D29D2525FB96504A4F6598C8415D3C75CF9C6B32D0BB5D4E8D291255E0AF3AF9DC41FB2EA741D50F736919F2B693B63957B40FC2192EAD2DAFC22748282DD95562925DCA33234039097B81534E4669EC9242CE01EEB63C02B392DAE546DA48448CCDACE5E5A69A56891CE20868C2C94EB36294DCA1C688DFB8004E4232DDE2C2C2D710FE56C12ED6027BACF392B4C3D8C3439BB4A66CDACAA490FBCDAD4C21CDE72571E78E9D58D2A38C6EE1304402B8DA426134172D8DA5EC0D690E4C40D759E530D52CECAB40C0EBB28360692328C1A3954F716A8051158A0146BBB84429F9411D350A398FE13AF7379595B87653DA45A72269AC7D60A36B80C24774601A45912D0D704C04D2CACE56869B485341B5681A6865582AA15A637856EFA9A85A708BB15AE0CF2793F5503ED39BD97CFB571E5C0617D2FD4D08920711C80BE77ACA2F22AABBADE64E7B1C690B985413EDC70B4BDA2EC95965000CD04F6520DB3071EC98D2339583DC6B7828D929C9051B4E9B41BE2D5006CD9C24B653564121304E09CD040D0B7D77A4B74CE175C5A6973080090A6C6F901383458D4BF92394C1A83C0FF84B31924D108C0201E1128D6C2ED53C1FA4E7B268D7CCC1FBC8AECAA30C20DB011F2A398DF205F64F63D3769FAB4ED2087D9F95D18BD4BA8888FAB3F75C10C03823ECAF00D5A56F62BD333D652C7FBF1F74BD6FAA06AF4B3C64FEF8DC3FC2F38E024BCE52CB31C594CA437F541B758FCAA1D4656914E38EC0A586F62D08D91447346D1B3B1AE3EB3A8616FD440BAE57434DEA1D4B083B89EF4B84E8334037CA606960C908574F590FABE46FEE715BB4DEB60080E3FCAF0A0E78B2A3DBBFFBAFE108AFA0EBBD5CC93A7C9ED3817DB78E790B9B17AC1EC1F5134BC859036EE2558760D0FC9EC81E55EFB4DEB58DC29CE5D167AAE07B43B705F2E2C37FBBF2ACC8F6E039C9743744E02F1849782C17DFE131AE2707857409AB2BD0636140EEFBA8180718B46E8492557B44513682D681ED920651B6370E6D1B439A116EBC204EC9758CA1DC1FC273D9BB8A3F740612D41E801840C73E5506B836C1A3F28F63C38651B3E9E40416C0D2E00DA227761349BA050FB409C5FF002817D836027944D6D1A285CC737F6A12E734642053438DFE14045A57BBB72ABDECA058710D278426814BDF66ED473B77740D9833C29567CA06F1CA8E983792823690BC8AF052DBA86F17947EE826D072A9A0934577FA506632BCF993B85D5E9729DC32A729B8AC72EDEAA30DD83394323C06D059E394ED088BB195CBD3B264177D456795B59EE9AE78C81CAC93CBF2B6C6C679C6699F5780B6F407BDFAB000C2E46AA6C9C775DBF49B83E500E4DAB99F7A65963D3DB8639AC04F3494F908EF95A9E3E80561783BB85D32B9E972CC4022D29BA823BF08DED042CCFA068728AAC634FBC1C32696774801B292EBECE292E7B895964B8D3EEDD9EC91234BB23089AD7117E53591FF00B9675AC62630B5D65682E6B855A6491630165958E63B185372D28665DA76DAD0262C6072E7971ACF3DD1B752033638AC72D5698BAF0CDB9BE51CB334479E57121D67B679349DFAF0EC138F95CF9C6F3DBA2C71147CA6094934B0C5AD696E4E7B26325DCE056356D4E7D3B08DCE6161B39598C96E22D2647381EFF758D5CA6FBBEDB8D708DB2B4B80592478DBE5146EBA7046C6DB3751B4D63ED626B8927FED3DA48169C2B5A9A6D399C65658DD433E5690EDC11A2D8CD0E1134E524B8834AC3882968AD680E3DD1091203C945DB08D91EC7D94CDDF493C2CB193BD3643B6371BE02DB14E5D3CD7A9B56626B9BE5784D4B83E471ECBD1FAAF5A1D210E3595E46694F620AD5CF4526DAE561D5C468919432EA1ED3959E5D73B6D12AA44DACEFC12898E20E129FA804A0338BC729EA891B9B3381EC9F1CAC3F7F2B9EC92CDA6B66ACA569B7D6EE0D2AF6DE0609FE5666EADA3BA21AB4B656348DED190A17B88163F210B353611899BE05A3634B6CA0E3B237117C8A4140E6958AFFEF65528D01C48C65080FDE3EA44E18E55B5C1A689B46C695BDC0E0157EED7F6DAB32005582D3D9168D077EECF0110707000716A3B6D2A6C5914103FD2CF7AEC80C8EAA0ECA6FB7F347EC96E85C73FC236542C7BCBB39FCA36498CE55B187F6919A46E8587829C22E496DBF49CA163DF477115E5598B1F4E4A38DA1DC8C25B2D27B82BE3CA9EEB7CA8F8DA45DD20F69BF3F8453BB8A20D726FC282770BBC7C784C961778349463A77C7FCAF45CDD9ACD4F6A1FF698751F01676B1BFC785676E5A4D1F941CAD0D95AFE472A9CEA00D0CA535AD00572153A4DA2D02FB34CD44956350DBC859BDE06FBA201A7834816B49959590A35CC71A18598D10689B0898286EBE39CA0EFA683408E7F0AF00D703C2CEE983393615B754CE0F29E8A53DD236BF6A12E0EE1A84EA23210FB8DE4139459A168246379E1098815729ACDDA16C8E18212243111C155969AAFE530BE88B0AACBAFC2007FFB8545A4F726D16D001404D7280AF67CF0A0B65F705303B15488309EF840289248C5DAE8F4B9B6C81A307E5637B00F84ED23C3651748D6C3D7695A1E05E56DFD38AC8C2C7D369EC6D785D02486E7B28BC51AE3CBA62D440334B99A88C824515D795F6B0CF4EBF2A2E1235996DC1D634E57A4F4540EDDB9C2B2B87AB659A5EA7D1E1B55F2961FFA19FA7AE93F600B0CFE16E96837958A6049C05D8E36195C4348595C79F2B73984E0859E58C8B00529C9A4662401C80941C0B851452039349713BEBE1429B63737681DD1D5BAD67068E7947EEEDEF941CB61924A6B229264A73470A8CA1EA019E563936C6F5B677C4476599F0D67CAE9483E93E56091AE6BAFB2E7CFA583D9FA4572B3179C8AA3F0B61200A59640D0F70ECB1B1ACBB1452383771F0B5E9B50E736C1C2E699835A40E10B350F70C6028CA6972BB83563750C9472EA0068A232B8FA37EE7389391FE53CC8E71A056562A3497BDD8E015AA214C156B246E0400B730D008D74AD8E335F74F0E270B3170BB4D8CE2CA8913B3EF184C8E623094C78215E3ECAB447EFB3F08C3B0B3B5D4394E6BC6100D661303C5859F7A366729483EB4D2D009DC106B03869DFB79A470D2CDD5754DD3C0E3E02DB08CF2E9F34F52990EA1C4924D9C2F3E6423926D75FAEF536CBAA7ED6DDAE43DC1F92B5974C6B24F290734B1B9E1FCA76A7939A58DED7762AE26C37DB691F3D907B42AED2C091A8ADC4814516968606DAA4C0E20652C3411DED539EE6D0354A6D549D1ADAF0884802CED948C764D0F69E709681F1CE3CA7326BE334B28632EEE931B43F6E525B58793CA2F77E529AC25B76425D1DC7284E9A8B811CAA0C71EE92D1F28848E6F0014F43463EC01CFC9B4713C51B381CFCACFBB755A94D24EE725F6256A1A88C9C0CA2F73BD809018C6E5B47FE55324366C5FE151568F788BB3844D76E230121A5AE3F64DCD7D241EE82B1A1903A5BCA1961318ABFC2A8A57C7E094B9A5739D6EBCA694665D555F95A19A67BDBB82C8CDDB857F95AE39A46B086E70805CAC31922EE9237F8242A964759041F29426206101ADD25B7927F284BC38E4764661A6EE1FC253DBB403E4AF45CFEBDAFDA0E1D80E7840622D2A7B845D221338E1DC20D5B6F9E7B2173491779E1381666D2A4ABB045212822154A7B3B7F69215B242305BD9197D0B28384ED20D9C945648EED47BC3A850561AD20E690443DAE766EC7843FA735C26496DAAE0238E41DC64A3608113A3B36518DC9F60AADA0F8402F6139AB42E15829E40238E125EC19B1C20F546D900C55FCA30E07C2CC5C036B9425F43B8411EF147052CDDD9B4B33119E51367DD922907A1B5C2ED377D7093BDB7CF2ACBBC208C7BC9E6D5C0487827B1490E215FBA5B9A3E5381ED7A2CA3DB6DAED3435C3242F09D3FAC88400490BAF1FA8633C480ADB5B88B755DE974CD7642C13E99A2CDA547D6E3907EF1697375163C5836B3CB095A4CDCED531D657A8F487D2179B924123AB04FDD7AAF4D343180F24ACA63ABB8D32CF734F532005A2967918427DD00156DDC56EC981CD3DD67D470BA13B29A485CE9017F0A6D548E6C8E0091692D7869E6B29FA883EA2B24831442C2E5DB498ECD925F19599DA877194CAA1C24386DB25173E868D8B5164A376A6812B9924858EFA78BE11FEA4169079F0B1B93492CE9BD9AC059FB8639403500E4E3F2B8B24EE8C937CA0FD696B4827B2C73CA5691D69354CF297B992D9B5C88F57EEBB38AF2B6C0E0FE167EDA09840716BBF6A633687D0384B99ED6E403F290E971608FCA8C952B66FD8EFA4F29F03B79C1A01730CBB834B8E7C05B23716C760D25A1E4E9464502B43752381D979FF00FC916B88B4C675205945DC774ACD8993B6E9EF84F87500B579B3AF3DAEFCA7E9756EF2694E86DE95B28A51F2FD36B9FA69FDCA05D6B5070EE514E1AD94F82B4C325F290CA21597063838150A6A7BC5D26C4FAA0564DDBE8F2B4308200A440DAD21A305707D51A90CD3BACD60AECC57DF85E67D68D2748E70B5D1831CEBE67ACD7C6FD43B822D466A2270EC173F53087484DD59EC961858DBDC569233AD3AC6B5F7442E790F6F7242A95F2F92A839C7BF29A60C6B033F7846DD5C2FE4ACD2E8DD2F047F292DD23A37704D7CA997B37634F2C1DDF7F055CAC6C8EFA70DF85C9707345D9B09D1CF2B479368A36DA6000F02903E2071FF000AE2D58DBB5E33FF0009C0C448EDE6D2943318DED1601A56C91EDE6C2DCD6339696A8F883B2D00929C325B3B88E708E3907C7F2A3A1686901B4420113477CA296CD3CD82AD8E791D90865F7FC2A3BD8EE39486CD692EE6AD2FD9078757DD089DC0E47F84C6CEC3CF8E5036837467070ABDF7DE40A57B8385B0941B9EDEC155F40E06F3C26B0960BBB59D93800EE1C7C2609A3381769403FD4B81C8298260EA07BF74B21C6EAB6AB68342C52634734D1C651B65C67F284399CD263656B9846D17489B2B0A7CAD76288482E8C136D24FD93886B9C285632A9D132FF65F928D8D36B9ED70AAFF0014975B8E2ABC28F8A80AAB4A731C1D62CAF474E5D8BDB0D35407C8424D0C8B2AC97100156F6968AE3E7E50643A324D839F84074CFBC92E4F6123F70088D7047F099689702C14452263DA2864FDD53DA09376084BB01A413FF68163458F84B703C8493250C3B955EF11C9C7FCA0964B81C9C220ECF34844CD7F22A959009B40341F956E7652DA68A30EAE4842A08C9B0672529EFDC051AFFDD31CF69C3873DD0FB209A69B3F28016C42C9EE85EC19C9572C6F6578F09624DEE21DF49FB2475360B39B43631854E25A2C76451BEC6404C0F60E42BAA395608EC5110D39420B3257081EFA166930B5A3859A5383DD3854A9B51B7834B95ADEB12E9721C49E56E7B0BEF16B0EA7422606C2D71BA45C6D730FAE25D3FEE2E1F95AF43FD41648FA3215C9D6FA7DAF71001CF75C897D30E638969703F09F54A6E3E8FA7F5B698BDA1B3037F65F49F47F5476B1AD2C7585F9BB4BE9DD43350D73A53B6FF85F75FE9C4D06960647EE5BBBE5455E35F578DE4333CAAF7E921B30732C6529F27D496D4D85DBC70B0EA4ED77099EED36AD29E2F25639D6B8CDB2C82C1C2C6F8771B5D17E06166731C4D80B2B93598B33E1A16B2EA2377ED5D202CD1432C61D9A59E592B1C1C0974E49F29274E7804AECC91004E0243A316B9F2CBB69E2E24D09C83D973B50D7B01030BD0EA61BC8E172B551020DF3F0A265552384FD53E0792D0E34B4697D43B41DF83E52F550DF6B5C4D70F6C17371DEBCAAC3DE85D48F44EF50C533AAC8A4B77550EC0E3EEBC4335444F9356BADA691D5C95A67C7633C73DBD1B3A897116716BABA7EA2D923A36BCAC4F3836B769DC6EED46BE96EB3C7B92D8EE9B145C9B36B3E9E4BA5BE2A34B3AA828E31CA7C229C4216B69B69910FAED677AA6DBA671885FE56E8E6DE01581B74D149D1BA88F095C951D26482822BDC2CACB1BC9230B4C767FF00859DAD24D1B0BC8710B6466D6489B9A2B5C59348C6EEA6B4B0903E179BF57CE19A37020114BD2ED0196BC37AD666B9AE617D785D7C71CFC95F34D54B533AB84A648E79AEDF28F5404521CDA4C72B777CADFC58ECE25A79092F6B79184C22FE129D13AF9E14D383661B83F85449078ACA0FA9B9EE85CF7BB81495337DA6CA6AFF00E9399A568CB482162F79EDC1BFBA7C7287B0FD4E052B41DEC96B8D7D55CE15BDA64686ED20DF214D3BDED3FBAFE13ADE1E49012D2A12D85C0D837F74D6C93B6F071DC65361693C9FE4263E68E3FDC07C206A10356F2EA78207FCA22C8DE0BAE894603660368BEE85DA637778F0996A05AD736B6DB87C2174B237906FBA780626DD607C2A32B24E3091E94C0D90655BB4B191839FBA21092318493A7943BE93680A6C0633F493438B57BE473AAA80F84CDEE67EF692541331C7C14F6511B135D9357DD03A00082D394C9632F03639546248C7D6DB46CE81D2CD18DADC9F349914EFDB52150EA987E92DA215B2589E8F6529CD9DA45146D791C0C7959CC910245D0F2AC4AD6D8666FBDA7291DEFB5AFB736FE48C2D0CD5425BF5068230B234177EE07E094D0C1F08D06BF7E88B358F085D231E2C9AFB616574DBF39BF854E0E039BF0BD1DB96C6832D1B175E4A9EFB5F60D172C9BDCE3441BF84C10BCD3AB0131A1381BBA0A6F6B05926D18701C8A40E7C647D49196F92C629A557B564DFDFE11FB009A69BBE01412C5247F0130A7B00C5F64AF6EFB938E29109039D469BDB840E739965B9AEF680A06C8144527B0022D2A27EEE427015C1C94118D0D18445A0E5536304DDA3DB59415A02CB0844649C3FF0A3C9A59CEF0E241C20E5682E7B48BCB553DEC78DC45118411CCF18251BCC6E20707EC9586480C1641BFBA9448E0260845D8EFC28EA1C836982407017611F0395672292893684E864E394B2E0065097926BB29FB820680768B3E52A400F84EDB7C20730D2A84C6F801BE69657442C501CAE916F38E12446377D543BAA89B18DB1305FDD7AEF4468C49AA6BB71E780BCF3A18DC306CAF75E81D0B1AF0EDA4E794AD1276FA1C1138400780ABDB3790B7B18DD831485D0E72A76D3C6B2ED010C967B27BDBF5525BDA1639D698F4C8FBBE125F7C05A2415C25B9B46D73E75D3233704E5426C522773E542D36B9EE55A48496070E129D1826A969008B41EDACED569CF9A33B48A5CBD4E8F73895DF7C7CAC73C5F0144BB3B1E6757A5AE0765E4FAFD42D3C05EF75A1AD6BAC52F9AFAC75205B415D7F1F0B6B9F972FEAF3435953DB4657A2E9939918391DD78C1253EC9B36BD1F4499CE001BC2EDE4C771C5C595DBD4E9C6FE063C2E8C319AA032B069B91E0F0175B4AD079FCAE0CBA774BD3469DA41F2B7478212A2634D6384C008757659D691BDA06C470B09392960FD0D1DCF29D110B1CEAE46B8DBC5F644D65B893C76522E02631B9B5CF76B90D6B7016A8455244601FB05AE3682000A7CAB435AC3C85A611401291160D15AA3CF65785ED361AF70F68AF94FAE66906A4D1356BEA5AA0440EFB2F92FACDEE76A88EC0AF438AB8B95E49C43CFD77684B4824846E6124827ECADADD8DF256F6B2C41BDDE02ADEEF169C0B3FB8226B1AE6E0ACADD2A467DC0836ADA5A3384C3A724F212E48491470A4D52B2C5D04B6C4E69BA4D634C744B89088C8DE484021C2426C12DA4E865737323FE9F0A1707700A36461DFB8129E83447AB603876135D369E6C10B13E069E061108086DB7B2529FB6CDB1347FA6EA3C7280C924670772CADDC2AC59F94E0DB19344A068E6EADA5A5AF1CA8D101C8C1F92B3B633C0167EE81F1B9A68A09A9FEE016C7D8FBA58D44C1C410858D796F343C286D8D179FB20F431AA71E68A548E3BAF6D2232B5A6ED4FD4308164007B1400EF7373B8AB1AB9062C555A28DD1BB05A08BE690D32F07F08063E66C8012C06D3E0635CDA16125AE04605054F0E6D39BDB909E868C9236939BFC2B8DA36D9BB1FCAB8F52D636E4B15DE91C53C32580DC9F28A5AD9AC63880E2EE0794C01A47D47294D646FB1BABEC7944D883456F23EE533A77B6D6BBF6DDFF0084C6B5A7FE6913986F3FCAA8F2EADD5F75E8394A95AD0401DBC2A064C01C273E0638D835E7296620E14C20E7CA60064A1F5022B08698F35C7DD5963C1A758A3485F1348B1B80F828036C4E390FBFF085CE91A458C0F2B3164AC7DB49701F390991CF2641A3480638C6FF00DC0612806D920DFC14E7FB6E03804F3843ED006C67FF0074A000682A0BEC9A6B82D36A7D230465512B716D106FEE88CC40CA516B89C834A9ED238073CA0B4687B5C73FE50EC07BE16778711E29135C462D072187703FF4A6C2FC936AB795049B4FDD0626B8C7E0A9BF77232AB7B4F28F6B1CDC3B3E1003F4D5A53B9CD23747237201210388701CB4F928007B4E08E15341BA2A6D903B935E51EE046420AA6D03215388F0AC10072AC8690AA259E414296791BDF85AE46E47848764F09958C64912017DD7D3BD053B3DB60028DD15F397C0D73B7036BDDFA05FED902AF2953C676FA846EB6824237114951C96D18565DE7859655B49BA4CA72567738F09F2C8D48209CAE6CB3746384F64B9A5CE08268CD616B6C63928646EEBAE161C993493B600CC844715F74658038A85B642E7B9B5F12DCC140839283691946EFA0D1E1477FCA8B96C6B4CEF1DC70B3CAC0E16B41C1212A5DAD09C2BA707AA31AD8DD657C9FD5AC0E91DB72BE9FEA094B637006B0BE49EA199ED98D026D7A7F131EF6E1F939591E736383BC8F0BB9D2350D68A268F36B8DFA98CB8878EFC785A7493359202C36177E786E38B0CB55EFF00413532C9C15DCD23839A0F3FE1790E9BA9DC00DD402F4FA4D45B00C70BCAE6C755E971E5B75D8E34002052687705616EA43457744755777D972E575E9BE31D38E5DCE032B6B5FB40C2E268B5372E4FC85D664E242161956B8C6F81F84D6BD626CA187B514F0E0060AC6E7D35C706E8CF75B207D95CF8A4FA42D70385ACBCDA4C2BA0D6E42DB134616581C0D02B53481C27391396064D187C6412BE7DEB0F4F996E46349FB2FA0D82160EA0D649138385AEBE2E5B2B9393095F04D4C0ED2CA5B2583C20DED1C95EABD61D3E264A5EC037785E3A5690685DF75DD32DF6E6D68CF7417FECA08BDC65503494CDC40EE88305F15F74BD941195CD3836A8EAA880E17699ED36B94BA07E9A1F948CD8E68DC6AB28E411B81B6D158DD038BBE82014C10EA2B041FCA018D6F83F644C91FC8167C2A10B9ADFAECA416BD8EC1C140696484B858E3184CFA43B049FC2C4E95F18C67E1362D61710D31E6BB201E3EA750BA466235F7FF0ADA688BEFE13248CBDBF43C028511B1DC9ECAA590B6B049FB2635B3443EAA2ACCEDAA73369F282A4876F00DD0F0A6E2E696D816884713EF6BA8FCA59D23C9B0EB09C206C747F2157FA672E6F0985EE60DA5B6A86A233870481B1FB6E141C0151DA6A3B9A6D2C0638E3F0A1259C1403BEB6E4B7E3011472871A2DC25B35723400458F2983571816E6D7D820E53CC51BC005C3EC150D282486E121DB1C3735F455E9DB2924892FEC8948EFD2E6F79BFBA53F4736EFA6435FFF0064C7BA46104FF087FF0025B705B7F70AB65B7463D646F6ED73B23809941D96BF77C958A78C3E4E003E5AA8C6F6B4ED7927C2F45CED6F61374E290E8A48887DFE0243355AA63B6B812139BA82E20100146827EAE89DCDE3FCA3696BC8766BEE888DADB2D691F64B20C80EC22FC202DC0D905C2BC2036CE6FF000A83660726827B08C027F94021CC32004D28CB8DD9AA5A444C26EC5A5C9196106F9FF28D80FBD60F7503DAE161180D732855FCA48653F2D045A00CC81A71C217BAEE8DF744F2D763FC2011904ED38402F7B4921C428C8C11820AA745BC51A6FCAAFA9A2DA6C260C918EDBC652BDA7FCA6099DCD5850EA0016400905001A0DE135AD0E036390DB656815CA5889CD7DB1C6BEE98690248C5104FCA54AF6B8FEC4C648E630DE7FE1087C6E00607DD4E802F7700D2A732C84E0CA16DACF642EBCE28AA220B2AECA5B8D66D39CC2EC8C25BDA00CD04F65612E98817D928C9BB089D43096EC5A7292D8D7BE46806B3C2FA57A3345B18D752F01D1B4C751A96B479EEBEC1E9DE9FFA7D3B2F9A539E5A5618DAEE30530040F0FBAB4F0C35C2BD87C2E3CF91D78E0C3EDFD56E51F33187B2D52695CE1CACB274F0DB24D92B973E575618006A1B20FA55EE094CD3B982E8AA24D95865CBD349C68FA04A558DDCA17BCDF291B8DF75CF972C8D3F19AF21FC1B405FB40F854D16E35845230147E4E8B2E32A4FAC58E561D5CDED46E245AE8E036971BAEC823D33DC3C2EBE1C7C9C9CB751E1BD53D6A8965D0CF0BE79D475626DD9BF95D3F53F5412EA1E377185E5A67B8EECE395EEF0714C63C9E6E4B6932C76E2411612592BA27975D044C7871A79CA27C41D861B5BDAC9D5E97D6DCD786E4E785EDBA4EBB7C61C7B85F39D24623783546D7BAE80C63A304B86780B8BE46334EAF8F9DB74F490BCBC5D5FC27863DF1D818297A768DC32085D58216803C2F1F93A7A7C7931E9E07B1D8BA5D588BA3683DFFE51C70B41185A4C21F4170E7958EDC2637D8636BE41BAC02B54113FFBAD5C1006E16A634814172E56EDD3353D2E3751A34B5C40504A64762C809ED68BC059776F6774DF03B1CAD4D27195CF8490395A7DDAEEB7C25DB1E4B2FA6C12505975352B4843EEEE18444822976F1C71E6F09EABE9724A1CE1814BE77A98DD14AE67241E57DA7ACE95B3C2E1DD7C87D49A3974BAC7ECCD1ECBBF1BD38F362692DE4615192CD555A4B753234673F0557BEC92F70AA569D9F6F02DA6ED18639C3EA498E89B6BEC7857EEB98689A53A1B13F70BDAEB52374A013BACF6F8421FEE5871A59DF23A37559A55226D6B1AD91A72723B157FA80F3F5009113E0EEE04F72ADED639DF43A9A8D0D9C1EC71C55A688DCF6D3681EC573A681C0EE8DFC228E67C0EB738947A395D07E9A68DB624DC7C84A06469B2F71F2ADBAF655935E6D3E0D431D92C047C853545FEA24A19E7CA639CE919756865D81E48157E0AA1A9031440F2822F69FB2BF79EDC651FBEC790464A64858E6825A01EF483A532671B04024FC2A11B5CEDC40047C23690012D05C8AC3851BBF84F403B322B846430F3FC859F796BA8D81D9510E20FB6FA489A0440FD25D5F74060746EA06EB3852389C325D67EE8657CAD76E0317DED00E6C2C2D01C724795031FA7A7B3716ACC3511E29C77F82158D4B76FB7248689ECA8F6DAD99D2FD44647709AC6C7B7EA8ECFC2CED89AD8F7B0B8E2F298C91CD68AFF0028D42D37363737393E5322A761CDCFC142C92663B63DA73DE93A40C0D0E07BF0BD172B3CCC319B007F08591C735E76B814D7B8480ED0D238E7859007B24201A46CDA0E9DCC6D179AEC92637472EE68711DD0CB2CB110EDC1CD3F1C2743A864828B46131B109DB5861AF252F50D6CA3E87B986B16568718F18009F1C2A73585B9636B8B53D9B97FFEE426C3C385F09BFAF7554CC735C3BD2749A1F70DB096B93D9A7B8B6CAC0E70C265A67836C945AFBBF94F7B5C5BF4804F80B2BB481AE261B693F2AE28E68DF99315C203431B9FA85151C0B7E9CE50FBA1AE003814E748D24536D0446D7139B0ADF10159C7DD3439AEC968096F88721D9F083D0447B6ABF950900640518F20E42B7B9A6B808049607563F098185D8C230C0EE0AB68F6EF1808001196FEE045F14A8C61B9169D1CF0BB05C11B9AC7B491D900805CEA144A1748E693B8236CA2320154FA770505D84B896D80B3BCEEC27934DA19497B0BB9148D86595A438902FEC8307245273C51A26901DAE0AA42B1D8F4C31ACD6B0B9DDFBAFB2F48603036B217C5FD3A5916B181C4DEE0BED3D15FFE832B8A59F24DC5F1E5AAEB362C0C23F6708E3384E02C2E3CB17663590C67C24BE20BA5B414A92169CAE6CF8F6DB1E472A48A8616196120F0BBAF81A3032B349A6B374B8F930AEAC338E0C9111C8281B1D0B2175E5D335E785966D3ED185C99635B4E49E98C30071289CD0E1953D9CA22CC04612D4679324A0305F60BCA7AA758D8F4CF0D39A5EB754DFA0AF947AF7A83B48E7301C2F6BE24EE3CCF917A7CE7AE07C9A87B812492682E1BDB2C7764D775DB93A832771068177F01677C61FDDABD89C923CBCB0B5C296400DA741A90D6E4DA7CFD39EE26870B149A695978BEC95E694BC2B745D4A2DF471F2BBBD37AE88DC1BBF1FF002BC6C91B9A6CB0FE53207B9AE041ACE42CF2CA65178CD3EB9D2BAA89CB69C385EA74BA9048F3E17CAFD37AFF00F51AD2E1D97B9D27518632DB93B795E7736136EFE2E49AEDEB74CF2E2BA510C5D6579AD2F55070CC95D7D3EB1CE0D16B87978DD78723AEC6F9A09A4D0C70B2325B1CA77D4F68A755AE4CB8F75D3391AA395BB327298C905E1221657253439AC374AA70FEC5E56A18E15839CA546F1DCA07C8FB3B4584E71E99DE46C648D039CA8F98018585921FEEC5A09E66B1A4DAE8C2698DBB375127B8C2095F37F5A6C85E5C01C95EC353AD31B49DD6BC0FA9FAB3679CB1EDB03E17660E6CDC18A4889B279F2ADD0C721FDD4A7B50CA3E91484E8C836D93F0B467214F89D09FA5C6931B4E00BDD67FE15C52CACB0E8DA40EE9BF4CA2F651F29E8A81D0FD3B98FCF851B23833EB60A1DD41053AC3C8F840FF007D8487005A784E625B598E19BFB483F0A8E8C0E24AF02D362D5343369155DA935B244FE1B47CA2C1B6289B3444EE18F94F8DE09B7B31DD3C870B71A2927520B8B767E294D8A86C6FD3BBFB3FC27B5F039BB5A69616CEC69A734856C639C6D8086FCA9D0DB44B1347D4D76E3CE10EF229AF6DD78096E73E1E4213A92C36E6900A3436D4C7C2C3555F64C3147337FF00507D961748D9E846D21DE51B60968B9B803C23436698F511822316D41EE4B1E76E7BA4BA79DAEC5B5A317E5359D4222DA7D58F8547B1B276C8DFAE811E55329C70E49DCC7BF71295331ED75C7B88F84B45B68F7A585DB777F94C1AF74836C82FB5959DB246C001B2EEF7D93FDC8266D567E309C1051EA34923F698EBE42B9F4DA770B0FA3CACEFD2174771E02488B52C05D25BDA3B0E507B6D8DE36167BF438A4B76A5D19DB7BABBACD14BA7DDF56E691E513A489C6C12E07BA5A2DBDD4D0B9C46D8F212A685ED616BE3C1F0159F51B2806B2CF8A40FEAE351FBC06D2F4586D8416C0EA21C33DF28C98A41FBC129B281336C06B80EEB17E8AA4DED073F361280E303DC2867CE52C3469AF74647C82B47BCF840696E077545F1920BC64FCA6444323273935F7C26CAD31834EB1E113F4B14CDB8867CF2B2BB4DA989D97877C252ECDA62D658AA23F09865045D917CD059E232003FD2AF90B508D8E68710E07BE794ADD986191809B00FCA099A0939AB52468386B767CF9421BB1B921C47CF289480E822BBFA8923B21644E03E8B201E113260EB05AE1D86131AF2EB6B4023CDD263AFB23DB9A4BFA88FB2BF62467D464B0A00F63CE48BEC50EA1F24673C01763BA28304F193B4DDA2746D736C159A2998456E6971F84D644E365D7F840554A0FD394625781B5CCB402596271A6970F29B1EA9AF34EFA4F746C31EA34F0C96EB733CA08A39D8DB864DE0762BA44325ED6548F46D8887B4D791CDA7BD0606EA0893FD666D27BAD6C9212053BF08E58F7BB6D023FE125DA16FEE379FC240463DAEBB0415246B8B7084B9B136A89AF946C986D201CA03149139C72004996211D5DAD6E796BADC6D22695B29CE5544D773D21A26EA754D73BB15F62E9D188E16B4714BE53E8F887B8D734F70BEA9A0936C601CA57D1E37B752373C785A1AE939C2442F07B279988E02E4CF0B5D7864274AE68BA40DD4B5E7214335E1C3085C627714172E72B5C7556F78E525CE1954E25A7C8499268CD8BA5CD9DADB1D4490B7CE56692BC028C807836B2CDBC5D2CAE1D76D6645CB57D9657C8197655CD33980EEECB8FD475E18D27C0538E1BF459E7D2754D708627BB7702D7C47D67D71BADD6BE32490BD9FA8FD52C6C6F8B766BCAF996AE21AA9DD28CD9CE57ABC33C63CDE5CBC9C99628CB87B7CA5FF00AB191CD72B7180B0D6D45232801CE3C2DFCADAC74447A97480B4846C8D8E3962BA6D8686F3DD3C4400C1EC99F4C73E8D8FE6AD619B4258DDCD028AECC8F031577DD40D649CFF00C272E93A70B4D3CDA49373491E176343D75FEE0F70B95CDA36116D002C9274F20DB2C276CBD0EFE9EEBA675E606B46F03F2BD0E93AB7B8E696BD7C883751065AF20F85D1E97EA29F4D20F7AE8775867C12FA6B872D8FB6E8BA86F001CAE9C7AB6900934BE57A0F57C36D1BCE7E57A0D3FA9617B47FA82FEEB9EF069D13977F6F7D1EA995CA17EB2363B257948BAE47561D93F2B2F57F5243A5837BE468233CACFF00153FC8F78DD53080EDE28A6375B1B47EE0BE590FAF74D231A3DE6E3C2D03D61A67C7F4CE01FBABFC37F43F2CAFA2C9AE60FAB72E3F55EB50C0C24BE87DD784D77AE18016B25B3F0579BD7FA8753D4E40D0E218AB1E0FB679F2BDD6B3D491BA376C96CAF2B2EBDBA995C64A26F95CFD33B3F5595A1F0B25A0051F2B698C8CAE5BEDAFDE639A2AC7E11B5C1A2F0296211C8C156682B05C39CAA9895A7B8826F704A93DC03E827EFE11131B856DDA546425F8125FC23C68F221A35513B797077DD6A66B1CFF00FD78811F0A9DA77D6D2FA4B30C909B738B91E23CA1C4E9E4FA5AD2DB497699EC7130C8423DFEF50AA2308C43F4D07D0EFDD2F0EC794299A9D5B304070EE7CA8351B2C98C82535DA6918370901F842D9481EDC91920F701171DAB6A30335003C4803BC2A275311FA5C1C02950B1DB41DAEEC13A088EDB33117D9298E8B64BB5528A2F6127E02B6CCCD55B5E7611E70B588E4AC069F36B349A58849B8804944C4F68D81D1B6A291A47C950CF3474DC91DCA13A7F6CDEEC1F1D91B5CC7E1AF7177C84EE05E514CD5B5E4EF06BECAFD881F64B690B9B3B0D98C109825200B63FEC423F18F225DA463AF63CDF8551BB550B082410380B645346FF00DC3676C04125B1D6D2D78F1DD3988D94C98CB8922BBE6B94126919441798AFBDA19048E7121AE657F701568E17B1C4FB85CFA1DD1F8C4CAADAD31C751EA77387657FA9EA05A7E96ECFF2B3C5FA792573591BCD785B2192385DB5C5D9EE4708B87E93B0C33B1F1174B07D647242CFBDB673B7E17419AA64CE7318E0EED81842F1A60E21D1071EE6D4F8D3F2D3D23208F7FEC0B1EBC061A1DD45176D6547A7739AC68048B5A5D93F85145A5F42336F739C01362D0CAC6EDBAEEA28A04F69A1277559ACA38FEB93EACD28A20B269781EDB4ACC6470229C7951450B826C8E75D9B4A7B8D8CA8A209AE36875D8BC2E7EB098DCD2C25BF651455147E91C66AF70EEFBA3998DF1C28A2552CCE8DA0B4868B256E809F647D94513FA05C99C94A646C70CB6D45148FA2892DFDA696BD3B897ED270A289D4E2849696118BB4E9092C6DF85144EFA532968FA8D0C25F393CA8A22029ED04590B1EA18D6494D142D451389AF4FE8727F52D1782BEADA2E1AA28AA09EDD68390B4051458E4E9C065A2B8595ED01E6828A2E5E46D8FB53B858352D18C28A2E3CBDB5C40D716F0692257BB395145397A5472F58E27765799EB8E70D3BC82785144B8BDA73F4F8DF5B95EED5496E272B0C0F7017795145EA63E9C3F66C63736CE4AA958DDBC775144A216D89944ED0A168A18514540B9636E3E90AF680D143B28A200631B89BCA739A2B8EEA28A6FB8AC59A668F092208C824B01514550339898DB2D6D1B44CD4CCD34D91C07DD4511FF00CB2C7DB6C7AED48007BCFF00E561EBDAA9A58B6BE47387C95144B0FF00D43CBD38807D3DFF0094FD1921D873BF95145D57D52C7DBAC18DD8D39B3F2BAB0C6D6C4CA680A28B97E975D5D23416E4765AE368C63BA8A2515153E000382A318DDC30145110A973771D9222680E2472145169134D82473A42092696969DCDCE54510200B46E184A9CED6630A28831E99EE747924A78271F75145189C06A208CFD45A2D636BDCC710D2405144E9D69D3C8FE7715A9FF005B2DC013F6514425CBD4138C9E5322711255E015145486C7BDC246E4F65AE6634B5B85144A358364519C168C04B7C1135C086004F2A289D5CF4CDA96869650E4E51FB6C0D753428A2CEA59673EC405D17D0EF2166D2BDD2B24DE77654515267B3E5688630631B7EC92D95E459728A205F6FFD9, 49, 'activo');
/*!40000 ALTER TABLE `productos` ENABLE KEYS */;

-- Volcando estructura para tabla ventas_online.usuarios
CREATE TABLE IF NOT EXISTS `usuarios` (
  `id` int(20) NOT NULL AUTO_INCREMENT,
  `nombre` varchar(100) DEFAULT NULL,
  `apellido` varchar(100) DEFAULT NULL,
  `email` varchar(100) DEFAULT NULL,
  `password` varchar(80) DEFAULT NULL,
  `celular` varchar(20) DEFAULT NULL,
  `whatsapp` varchar(20) DEFAULT NULL,
  `direccion` varchar(100) DEFAULT NULL,
  `ciudad` varchar(100) DEFAULT NULL,
  PRIMARY KEY (`id`)
) ENGINE=InnoDB AUTO_INCREMENT=50 DEFAULT CHARSET=utf8;

-- Volcando datos para la tabla ventas_online.usuarios: ~49 rows (aproximadamente)
/*!40000 ALTER TABLE `usuarios` DISABLE KEYS */;
INSERT INTO `usuarios` (`id`, `nombre`, `apellido`, `email`, `password`, `celular`, `whatsapp`, `direccion`, `ciudad`) VALUES
	(1, 'Susana', 'Odriozola', 'odriozola87@email.com', 'M', '635-217-732', '912-257-984', 'Plaza Conmutativo Maduro 265, 6º', 'Las Torres de Cotillas'),
	(2, 'Manuel', 'Vaquero', 'vaquero82@correo.com', 'H', '651-401-190', '912-155-711', 'Calle la Distribución 8, 4º 2ª', 'Ceuta'),
	(3, 'Yolanda', 'Criado', 'y.criado@email.com', 'M', '620-079-374', '930-783-536', 'Calle Conserva 25, 5º', 'Madrid'),
	(4, 'Sara', 'Gallego', 'sara.gallego@email.es', 'M', '665-684-364', '917-590-036', 'Plaza Distribución 159, 2', 'Madrid'),
	(5, 'Ana María', 'Mateos', 'anamateos@email.com', 'M', '689-736-686', '912-836-536', 'Plaza Aposición 7, 2º 3ª', 'Madrid'),
	(6, 'Javier', 'Sánchez', 'javiersanchez80@email.es', 'H', '695-068-947', '981-649-429', 'Avenida Laceramiento Inquebrantable 213, 3º 5ª', 'Vigo'),
	(7, 'Santiago', 'González', 'gonzalez42@correo.net', 'H', '630-936-289', '958-811-765', 'Calle Bípedo Menguante 198, 2º', 'Las Torres de Cotillas'),
	(8, 'Isabel', 'Pico', 'pico53@email.com', 'M', '600-818-834', '916-300-811', 'Paseo Comezón Estricto 111, 6º 2ª', 'Badalona'),
	(9, 'Encarnación', 'Salgado', 'encsalgado@correo.es', 'M', '695-757-221', '987-862-102', 'Avenida de  Recibimiento 126, 3º 6ª', 'Almería'),
	(10, 'Alejandro', 'Hernández', 'hernandez20@mail.net', 'H', '618-917-809', '957-247-679', 'Plaza Aforo 269, 4º 6ª', 'Alcalá de Henares'),
	(11, 'José Manuel', 'Martínez', 'jos.martinez@email.com', 'H', '603-254-094', '968-460-472', 'Paseo Nobiliario Ansioso 290, 5', 'Torrejón de Ardoz'),
	(12, 'José Luis', 'Rodríguez', 'josrodriguez@correo.com', 'H', '639-173-603', '919-629-774', 'Avenida del Aforo 177, 2º', 'Madrid'),
	(13, 'Antonio', 'Lucena', 'antonio.lucena@correo.net', 'H', '699-932-303', '938-121-801', 'Plaza Inverso Ansioso 34, 3', 'Sagunto'),
	(14, 'Antonio', 'Castilla', 'castilla56@mail.com', 'H', '646-373-063', '968-742-095', 'Calle Buscador 160, 5º', 'Collado Villalba'),
	(15, 'Isabel', 'Marín', 'marin11@correo.net', 'M', '609-527-756', '969-096-803', 'Avenida  Crecimiento Menguante 251, 5', 'Gijón'),
	(16, 'María', 'Iglesias', 'miglesias@email.es', 'M', '626-578-709', '917-165-038', 'Paseo Bisectriz Brillante 1, 2º 2ª', 'Badajoz'),
	(17, 'Francisca', 'Pastor', 'fpastor60@email.net', 'M', '617-020-587', '922-006-163', 'Paseo Descendiente 137, 4º 4ª', 'Lepe'),
	(18, 'José', 'Pérez', 'jperez@email.com', 'H', '670-908-787', '943-009-200', 'Calle el Dilúbrido Sabio 217, 1', 'Aranjuez'),
	(19, 'Miguel', 'Peláez', 'migpelaez@correo.es', 'H', '663-967-361', '964-631-257', 'Avenida  Omnisciente Suculento 93, 4º', 'Guadalajara'),
	(20, 'José', 'Bocanegra', 'jbocanegra@mail.es', 'H', '613-709-346', '957-675-971', 'Avenida del Hipónimo Inquebrantable 78, 4º 5ª', 'Cáceres'),
	(21, 'María Isabel', 'Gil', 'mgil@email.es', 'M', '661-679-542', '939-256-862', 'Paseo  Pretensión Amorosa 127 bis, 4º', 'Onteniente'),
	(22, 'Juan', 'Palacio', 'juapalacio@mail.es', 'H', '664-802-183', '981-116-849', 'Calle de  Ambición Caliente 283, 4º 4ª', 'Hospitalet de Llobregat'),
	(23, 'Alejandro', 'Casas', 'alejandrocasas@email.es', 'H', '662-551-948', '981-014-702', 'Calle el Óvulo Joven 81, 1º 4ª', 'Granada'),
	(24, 'Iván', 'Rosales', 'irosales@email.net', 'H', '634-720-446', '972-719-924', 'Plaza del Disociamiento Ordenado 258, 3', 'Sevilla'),
	(25, 'María Isabel', 'Casas', 'mar.casas@email.es', 'M', '693-591-626', '959-359-332', 'Paseo el Reconocimiento Ansioso 63, 1', 'Santurce'),
	(26, 'María Isabel', 'Martin', 'martin97@correo.es', 'M', '663-495-183', '976-264-045', 'Avenida de  Advocación Fácil 271, 3º', 'San Cristóbal de la Laguna'),
	(27, 'Rosa', 'Ramírez', 'rosramirez@email.com', 'M', '659-719-914', '938-803-970', 'Paseo la Improvisación Respetuosa 24, 2', 'Barcelona'),
	(28, 'Rafaela', 'Pan', 'rafaelapan@mail.es', 'M', '665-507-778', '961-521-974', 'Paseo de  Nervadura Inteligente 138, 4', 'Pineda de Mar'),
	(29, 'Laura', 'Pérez', 'lauperez@correo.net', 'M', '672-894-514', '913-246-714', 'Calle de  Frugívoro 75, 2º', 'Gerona'),
	(30, 'María', 'Pacheco', 'm.pacheco@email.net', 'M', '625-368-708', '930-882-071', 'Avenida de  Pacífico 182, 2º', 'Córdoba'),
	(31, 'María Luisa', 'Caparros', 'maricaparros@mail.com', 'M', '690-020-405', '966-356-667', 'Plaza  Enseñanza Aburrida 154, 3º 3ª', 'Langreo'),
	(32, 'Carmen', 'Puig', 'cpuig@email.com', 'M', '626-365-758', '913-744-259', 'Avenida de  Perspicaz Culto 240, 4º', 'Castellón de la Plana'),
	(33, 'Isabel', 'Jorge', 'ijorge@email.es', 'M', '623-535-593', '965-524-734', 'Calle  Recesión Rápida 4, 3º', 'Sevilla'),
	(34, 'Josefina', 'Ramírez', 'j.ramirez@email.net', 'M', '663-355-135', '972-893-493', 'Plaza Citoplasma Malo 75, 1º 5ª', 'Córdoba'),
	(35, 'Juan', 'Ramírez', 'juanramirez@correo.net', 'H', '678-808-044', '968-326-758', 'Paseo Débil Abstracto 103, 3º 1ª', 'Gijón'),
	(36, 'Antonio', 'Plata', 'aplata88@mail.es', 'H', '658-649-293', '972-979-593', 'Plaza de  Bípedo 158, 6º 3ª', 'Torremolinos'),
	(37, 'María Pino', 'Ortega', 'ortega17@mail.es', 'M', '623-485-576', '913-406-776', 'Avenida Licencia 247, 5º', 'Santurce'),
	(38, 'Susana', 'Arrabal', 'susanaarrabal@correo.net', 'M', '666-380-360', '943-095-623', 'Plaza la Idiosincrasia 54, 5º 2ª', 'Logroño'),
	(39, 'Ignacio', 'Guzmán', 'iguzman@email.com', 'H', '611-241-000', '913-339-169', 'Paseo Azteca 257, 1º 4ª', 'Alacuás'),
	(40, 'Francisco José', 'Meléndez', 'franciscojosemelendez91@mail.es', 'H', '689-648-404', '977-812-032', 'Plaza Bibliografía 164, 1º 2ª', 'Collado Villalba'),
	(41, 'José', 'Vico', 'jvico58@mail.com', 'H', '648-146-069', '981-161-350', 'Plaza Convalescencia Ansiosa 271, 6º 3ª', 'Onda'),
	(42, 'Rosa María', 'Gómez', 'rosamariagomez@email.com', 'M', '648-062-430', '910-579-681', 'Plaza Barbarismo 89, 1º 6ª', 'Mieres'),
	(43, 'José', 'García', 'josegarcia@correo.net', 'H', '676-318-295', '962-217-979', 'Avenida de  Adhesivo 40, 3º', 'Valencia'),
	(44, 'Irene', 'Fonseca', 'irefonseca@mail.es', 'M', '695-007-443', '976-303-848', 'Calle de  Bisílabo Culto 165, 2º 3ª', 'Jerez de la Frontera'),
	(45, 'Isabel', 'Torres', 'torres87@email.net', 'M', '601-011-417', '913-293-231', 'Paseo  Adjudicación Culta 205, 3', 'Villena'),
	(46, 'José', 'Porras', 'jose.porras@correo.com', 'H', '613-729-898', '986-579-919', 'Paseo  Bicóncavo Marrón 47, 2º', 'Valencia'),
	(47, 'José Luis', 'Sánchez', 'jossanchez@email.com', 'H', '690-994-619', '969-920-960', 'Calle Adivinanza 300 bis, 6º', 'Madrid'),
	(48, 'Camilo', 'Rodriguez', 'andrescamilocr482@gmail.com', '94f263f5c21c5ac3150672363fc70c79', '3136997711', '3136997711', 'Barrio la Esmeralda', 'Mocoa, Ptyo'),
	(49, 'Camilo', 'Rodriguez', 'andrescamilocr482@gmail.com', '94f263f5c21c5ac3150672363fc70c79', '3136997711', '3136997711', 'Barrio la Esmeralda', 'Mocoa, Ptyo');
/*!40000 ALTER TABLE `usuarios` ENABLE KEYS */;

/*!40101 SET SQL_MODE=IFNULL(@OLD_SQL_MODE, '') */;
/*!40014 SET FOREIGN_KEY_CHECKS=IF(@OLD_FOREIGN_KEY_CHECKS IS NULL, 1, @OLD_FOREIGN_KEY_CHECKS) */;
/*!40101 SET CHARACTER_SET_CLIENT=@OLD_CHARACTER_SET_CLIENT */;
